uuid,professional_persona,sports_persona,arts_persona,travel_persona,culinary_persona,persona,cultural_background,skills_and_expertise,skills_and_expertise_list,hobbies_and_interests,hobbies_and_interests_list,career_goals_and_ambitions,sex,age,marital_status,education_level,occupation,region,area,prefecture,country,age_band,household_income_bracket,household_income_midpoint_manyen,household_income_source,income_tier,disposable_income_feel,price_sensitivity,brand_orientation,promotion_responsiveness,bulk_buy_tendency,ec_adoption,primary_purchase_channels,media_contact,backstory_250w
7cd10483b0064cf391dc79545845c67b,佐藤 大空は、退職後に若手職人への技能指導と地域の鉄鋼技術保存団体で安全文化啓発を推進し、構造的で予測可能な業務プロセスと高い成果基準を組み合わせたリーダーシップを提供する。,佐藤 大空は、庭の芝刈りと軽いストレッチングを週２回のルーティンに取り入れ、構造化された運動計画と規律正しい実行を通じて体力と柔軟性の維持を図っている。,佐藤 大空は、書道と庭園デザインの両面で伝統的な筆遣いと植栽配置を磨き、組織的な創作プロセスと高い誠実性を融合させて地域史の視覚的記録を作り上げている。,佐藤 大空は、かつての鋼鉄工場跡地への散策と地元史館への定期訪問を旅のテーマに据え、予測可能なスケジュール管理と地域連帯感を重視した旅程で歴史的遺産を巡っている。,佐藤 大空は、庭で育てた大根と季節の根菜を使った漬物と、昔ながらの煮込み料理を調理し、規律正しいレシピ遵守と味の一貫性を追求して食事を楽しんでいる。,佐藤 大空は、構造的な思考と規律正しい行動で安全文化と地域遺産の保存に取り組む、74歳の実務家である。,長崎県佐世保市出身で、戦後の高度成長期に鉄鋼産業の中心地に育ち、地元の祭りやカトリック系の共同体行事を通じて地域連帯感と勤勉さを学んだ。,鉄鋼生産ラインのオペレーション管理、品質保証業務、溶接技術、機械保守、チームリーダーシップ、労働安全衛生の知識,"['鉄鋼生産ラインオペレーション管理','品質保証','溶接技術','機械保守','チームリーダーシップ','労働安全衛生']",庭いもの栽培や書道、地元の歴史研究、散歩、古典テレビ鑑賞を楽しむ。,"['庭いもの栽培','書道','地元歴史研究','散歩','古典テレビ鑑賞']",退職後は若手職人への技能指導や、地域の鉄鋼技術保存団体での活動を通じて産業遺産の継承と安全文化の啓発に努める。,男,74,死別 (子供あり),高校卒,鉄鋼業 大手,九州地方,西日本,長崎県,日本,70代,４００～４５０万円未満,425.0,国民生活基礎調査(0003131978)P(所得|年代)×全国家計構造調査(0003426512)県別所得指数 で年代×地域条件付け,mid,普通,中,NB・品質志向,高,たまに,低,スーパー・ドラッグストア・地域商店(車/家族送迎),テレビ・新聞中心(ネット利用は限定的),妻を亡くしてから三年が過ぎた。週末に息子夫婦が車で来てくれたとき、スーパーへ連れて行ってもらう。テレビと新聞があれば世の中のことはだいたいわかるから、ネットはとくに要らない。鉄鋼の現場で四十年以上働いて、安全への感覚が骨の髄まで染みた。今は庭の野菜と書道が日課だ。肥料の銘柄だけは変えない。長年使ってきた国産のものが体に合っているとわかっているから、値段が多少高くても安物に替えるつもりはない。年金で十分やっていける。地元の史跡研究会にも顔を出す。長崎には埋もれた歴史が多い。
a09ace4121cc443ab13a66585b9b839a,菅原 泰史は郵便配達のデジタル最適化エキスパートとして、GISマッピングと高度Excel活用に基づく業務効率化を推進し、予測可能なプロセス設計を重視する。彼らは構造志向と責任感を組み合わせ、若手デジタル人材の指導において競争的な目標設定と批判的分析を提供する。,菅原 泰史は週末に地元の公園で軽いジョギングとストレッチを行い、過度な競争心を抑えたペースで体力維持を目指す。彼らは計画的なトレーニングスケジュールと、予測不能な天候変化に対する柔軟なスケジューリングで、構造的な運動ルーティンを支える。,菅原 泰史は折り紙と古典文学の読書を通じて、細部への注意と歴史的価値観への敬意を表現し、写真撮影で身近な風景をアーカイブする芸術的観点を持つ。彼らは創造的なアウトプットを自己批判的に評価し、陰鬱な感情の波を作品のテーマとして具象化する。,菅原 泰史は川辺散歩と地域清掃のボランティア活動を通じて、近隣の自然と人間関係を観察し、写真で記録するローカル・エクスプローラーである。彼らは予測可能なルート計画と、偶然の風景発見をバランスさせ、日常の移動に意味付けを行う。,菅原 泰史は季節の野菜と手作り昆布だしを用いたシンプルな和食を好み、折り紙の折り方と同様に食材の配置とバランスにこだわる。彼らは料理をデジタルレシピ管理で体系化し、感情の変動が大きいときの安定感を食事に求める。,菅原 泰史はデジタル最適化と地域サービス精神を組み合わせ、構造的評価と感情波の自己管理で成果を最大化する。,関東・埼玉県出身で、バブル期からの労働観と情報化の波を経験し、世代間ギャップを意識しながら地域のつながりとサービス精神を大切にしています。,郵便ルート最適化システムの運用とデジタルデータベース管理に長け、GISマッピングや高度なExcel活用で業務効率化を推進し、Pythonでの簡易スクリプト作成にも熟練しています。,"['スキャンシステム運用','データベース管理','GISマッピング','Excel高度活用','Pythonスクリプト作成']",折り紙や古典文学の読書、川辺散歩といった静かな活動を好みつつ、地域清掃ボランティアでサービス精神を発揮し、写真で身近な風景を記録することに興味があります。,"['折り紙','川辺散歩','古典文学読書','地域清掃ボランティア','写真']",デジタル化をさらに進めて配送精度を向上させ、若手デジタル人材の指導に貢献し、将来的には顧客サービス向上のコンサルタント的役割へ移行したいと考えています。,男,59,未婚,大学卒 文系,郵便業 中堅,関東地方,東日本,埼玉県,日本,50代,５０～１００万円未満,75.0,国民生活基礎調査(0003131978)P(所得|年代)×全国家計構造調査(0003426512)県別所得指数 で年代×地域条件付け,low,切り詰め,高,NB・品質志向,低,たまに,高,スーパー・ドラッグストア・EC併用(駅前),ネット・テレビ併用,収入は少ない部類に入るとわかっている。郵便の現場で働きながら毎月の支出を精密に管理することが習慣になった。食料品はスーパーと通販を使い分けて安い選択肢を探す。ただ、本だけは別だ。古典文学の文庫を選ぶとき、版元と校注者を確認する。粗悪な復刻版には手を出さない。折り紙も続けているが、紙の質にこだわる。安い紙では細かい折りが決まらない。川べりを朝に歩くのは金のかからない楽しみで、仕事帰りにカメラを構えながら駅から歩いて帰るのが今の一番の時間だ。埼玉で一人暮らしを続けて三十年以上になる。
60b7543faa0a430e8e4c844690b2660d,村松 洋之は、運輸業で培った車両点検・配車最適化のノウハウを活かし、引退後は地域の若者向けに実務中心の物流安全講座を開催し、地域交通安全キャンペーンの企画ボランティアとして、組織的計画と実用性への高い開放性を持って、同時に競争的な視点で安全基準の遵守を徹底している。,村松 洋之は、週に数回の川辺釣りと、春夏の庭の散策を競技的に時間管理し、効率化されたルート計画の思考をフィジカル活動に転用し、外向性の低さが少人数での釣り仲間との競争的スコア記録を好み、神経症が高いが、体系的なストレッチと安全装備のチェックリストでリスクを最小化している。,村松 洋之は、和紙で手紙を書く手作業と、季節花のレイアウトを通じて、地域の祭り用の装飾提案を企画し、開放性が高く新素材の試行を好む一方で、誠実性が高く伝統的な書道と現代的なデジタル記録を組み合わせ、外向性の低さが小規模のアートワークショップでの深い対話を促し、神経症的な自己批評を創作の品質向上に活かす。,村松 洋之は、春の桜名所への日帰り列車旅行と、秋の収穫祭参加の短期旅程を計画し、配車記録の効率化経験を旅程管理に応用し、外向性が低いため少人数の旅行仲間と事前に詳細なスケジュールと安全チェックリストを共有し、開放性が高く地域の方言ガイドブックを自作して文化的実践を深めている。,村松 洋之は、庭で収穫した季節野菜と川で釣った鮎を使い、伝統的な味噌漬けと炭火焼きを組み合わせた家庭料理を定期的に提供し、誠実性が高くレシピの紙記録と簡易PCでの栄養計算を管理し、外向性の低さが少人数の食事会での丁寧なサーブと、神経症的な味の微調整を通じて、食材の持つ地域価値と季節感を重視する。,村松 洋之は、物流安全の実務知識を地域教育に転用し、祭りと庭仕事で文化実践を継ぎ、競争的計画とストレス管理で高い誠実性と神経症的注意を保つ。,兵庫県出身で、戦後の高度経済成長期を経験し、地域の祭りや方言に誇りを持つ。学歴への関心が高く、地元志向が強い。,運輸業で培った車両点検・整備、長距離ルートの配車計画と効率化、紙ベースと簡易PCでの配送記録管理、物流安全基準の遵守、地域交通インフラに関する助言。,"[""車両点検・整備"",""配車計画・ルート最適化"",""紙ベースと簡易PCでの配送記録管理"",""物流安全基準の遵守"",""地域交通インフラに関する助言""]",小規模の歴史講座への参加、庭で季節の花を育てるガーデニング、和紙を使った手紙書き、川辺での釣り、地域の祭りの企画ボランティア。,"[""歴史講座参加"",""ガーデニング"",""和紙手紙書き"",""釣り"",""祭り企画ボランティア""]",引退後は地元の若者に物流の実務と安全意識を教える講座を開催し、地域の交通安全キャンペーンに協力して、長年の経験を活かして地元の交通環境改善に貢献したい。,男,74,既婚 (子供あり),高校卒,運輸業 中堅 (現在は引退),近畿地方,西日本,兵庫県,日本,70代,１５０～２００万円未満,175.0,国民生活基礎調査(0003131978)P(所得|年代)×全国家計構造調査(0003426512)県別所得指数 で年代×地域条件付け,low,普通,高,PB志向,高,よくする,中,スーパー・ドラッグストア・地域商店(駅前/徒歩),テレビ・新聞中心(ネット利用は限定的),引退してから徒歩で買い物できる範囲で生活するようになった。運輸の仕事で長距離を走り続けた体は無理がきかない。妻と二人でスーパーと地元の商店を組み合わせ、プライベートブランドを中心に献立を組む。収入は少ないが、やりくりの仕方は体に染みついている。庭の花だけはこだわる。春の苗は多少値が張っても専門店を選ぶ。プランターに並んだときの密度が全然違う。地域の祭りの実行委員を続けているのは、物流の段取りを組む感覚が祭りの準備に似ていると気づいたからだ。川魚の釣りと和紙の手紙書きが、退職後に増えた静かな時間の使い方だ。
7fe8acb2e9bd4504a84404236676963a,鈴木 昌広はゴム射出成形の設備保全リーダーを目指し、オープンなアイデア共有と柔軟なスケジュール調整を重視しつつ、競争的に不良削減実績を活かした持続可能な材料導入プロジェクトの主導を志す。,鈴木 昌広はプラモデル組み立てのような細部への集中力を活かし、都市部のジョギングと週末のジムでの筋力トレーニングを競争的に行い、外向性で得た仲間とのランニングシェアでモチベーションを保っている。,鈴木 昌広は抽象画の鑑賞と自作、フィルムカメラによる街撮影、ジャズライブへの参席を通じて、想像力豊かなビジュアルとサウンドの融合を探求し、創造的なデザインと環境配慮を結びつけるアートプロジェクトを企画している。,鈴木 昌広は即興の街歩きとフィルム撮影を旅のスタイルとし、都市のカフェで地元住民と対話しながら、柔軟な日程と予算調整で週末のミニ旅行を計画し、経験からインスピレーションを得ている。,鈴木 昌広は季節野菜と自家製発酵調味料を使った和風パスタ、ジャズライブ後の深夜にインスピレーションを受けて即興で作るデザート、素材の味を尊重する料理実験を楽しんでいる。,鈴木 昌広は創造的な技術と柔軟な社交性を活かし、リーダーシップと持続可能性を追求する多面的なプロフェッショナルである。,神奈川郡出身で、幼少期は母親が大学進学を目指すほど教育熱心に育てた環境にあった。現在は、高齢の父親の介護を週に数回手伝う生活を送っている。,ゴム製品の射出成形工程の設備保全と品質管理に長年従事し、工程標準化と不良削減の実績がある。Excelと社内ERPでの生産データ分析、機械加工の基礎知識も有する。,"['射出成形設備保全','品質管理','工程標準化','Excelデータ分析','ERP操作','機械加工基礎']",抽象画の鑑賞と自作、フィルムカメラでの街撮影、ジャズライブへ足を運ぶこと、プラモデルの組み立てなど、芸術的かつ手作業を伴う趣味に没頭している。,"['抽象画鑑賞・制作','フィルムカメラ撮影','ジャズライブ','プラモデル組み立て']",生産ラインのリード担当へ昇格し、持続可能なゴム材料の導入プロジェクトを主導したい。将来的には、創造的なデザインと環境配慮を融合させた小規模メーカーを設立する野望がある。,男,40,未婚,高専卒,ゴム製品製造業 中堅,関東地方,東日本,神奈川県,日本,40代,４５０～５００万円未満,475.0,国民生活基礎調査(0003131978)P(所得|年代)×全国家計構造調査(0003426512)県別所得指数 で年代×地域条件付け,mid,切り詰め,高,PB-NB併用,高,たまに,中,スーパー・ドラッグストア・EC併用(駅前),ネット・テレビ併用,ゴム製品の製造ラインで十数年、神奈川で独り暮らしを続けている。手取りが多くない割に固定費がかさむから、食費と日用品は通販と駅前のスーパーで抑える。プライベートブランドと有名メーカーを品目ごとに使い分けるが、感覚でなくスペックを見て決める。ところが趣味の方は違う。フィルムカメラと現像代は削らない。デジタルの方が早くて安いとわかっていても、銀塩の質感のために金をかける気になれる。ジャズのライブにも月一回は行く。値段を理由に断ったことがない。この出費が生活にあることで、他の節約が苦にならない。
51c065c1b62749b79f3db1dd56d1948d,畠山 奈々子は、看護部のリーダーシップ研修を視野に入れたキャリア設計を、段取りのよいシフト計画とチーム調整の実務で具体化し、組織的な品質向上プロジェクトを構造化されたロードマップで先導しようとする姿勢を示すビジネスパーソンである。彼らは、約束したことは必ず実行し、協調的ながら必要に応じて断固とした判断を下すことができる。,畠山 奈々子は、季節の散歩を通じて海岸線や山道の自然リズムを体感し、軽いジョギングと手作りの編み物ストレッチを組み合わせた独自のフィットネスルーティンを実践するスポーツ愛好者である。彼らは、外向性は程よく社交的でありつつも、計画的にトレーニングメニューを組み立て、自己管理の徹底を重んじる。,畠山 奈々子は、ミステリー小説の読書と季節素材を活かした料理創作、手編みの作品という三位一体の芸術活動に没頭し、伝統的な手仕事と現代的な創作の橋渡しを行うアーティストである。彼らは、開放性の高い想像力を持ちながら、作品の完成度を計画的に追求し、協調的に作品展開を行う。,畠山 奈々子は、海産物が豊かな漁港や季節ごとの山岳道への短期旅行を好み、地元の祭りやボランティア活動を通じて地域の価値観を体感しながら、計画的な旅程で新たな風景を探索する旅行者である。彼らは、外向的に現地の人々と交流しつつ、旅行の目的と安全を詳細にマッピングする姿勢を持つ。,畠山 奈々子は、北海道の旬の海産物と野菜を活かした料理を、季節感を大切にしながらレシピをデータ化し、調理過程の効率と味の品質を最適化する料理人である。彼らは、誠実に材料の産地と調理時間を管理し、感受性の高い味覚評価と共に、計画的に食事プランを構築する。,畠山 奈々子は、組織的で計画性の高い看護師として品質改善と地域医療貢献を志向し、季節感を重視した料理と手芸、データ分析を活かした財務管理と自然散歩を通じて、協調性とストレス耐性のバランスを保ちつつ自己成長を図る人物である。,北海道出身で、地元の季節感や海産物に対する誇りが強い。日常会話では、やや柔らかい方言のアクセントが混ざり、地域の人とのコミュニケーションが自然に取れる。,患者の全般的なケアと点滴・注射などの静脈管理が得意で、電子カルテを用いた情報記録と、品質改善のための基礎的なデータ分析を行う。シフト計画やチーム内の調整も担当し、医師や他職種との円滑な連携を意識した実務を遂行している。,"[""患者ケア"",""点滴管理"",""電子カルテ操作"",""品質改善データ分析"",""シフト計画""]",地元産の食材を活かした料理や、季節ごとの散歩、家族と一緒に楽しむ手芸や編み物に没頭する。休日にはミステリー小説を読んでリフレッシュし、地域ボランティア活動にも参加している。,"[""料理（北海道食材）"",""散歩"",""編み物・手芸"",""ミステリー小説読書"",""地域ボランティア""]",数年以内に看護部のリーダーシップ研修を修了し、病棟の品質向上プロジェクトを主導する役割を担うことが目標。将来的には、看護師長としてチームを統率し、地域医療の発展に貢献したいと考えている。,女,29,既婚 (子供あり),高校卒,病院 中堅,北海道地方,東日本,北海道,日本,20代以下,３５０～４００万円未満,375.0,国民生活基礎調査(0003131978)P(所得|年代)×全国家計構造調査(0003426512)県別所得指数 で年代×地域条件付け,mid,普通,低,PB-NB併用,中,しない,高,EC・ドラッグストア・郊外量販(車),SNS・動画中心(ネット>テレビ),北海道で病院に勤めながら、二十代で結婚して子どもが生まれた。シフトが不規則だから、買い物はほとんど通販とドラッグストアで済ませる。郊外の量販店へ車でまとめて行くこともある。価格より品質と手軽さを優先することが多い。SNSで口コミを確認してから注文する習慣があって、プライベートブランドも有名ブランドも使って良かったものを繰り返す。こだわりは食材で、地元産を使った料理に力を入れている。旬の野菜を選ぶのが好きで、週末は子どもと一緒に台所に立つ。手芸も細々と続けていて、忙しいなりに暮らしの充実感がある。
e002d15672c24ea09b137f292922ea9b,園部 篤彦は、建設現場の進行管理と安全衛生の徹底を軸に、予算見積もりから資材調達までを体系的に統括し、地域規模のインフラ案件をコスト効率と安全基準の両立でリードするシニアプロジェクトマネージャーである。彼らは事前計画と約束の確実な実行を重視し、競争的な姿勢で後進育成に対する実務水準向上への貢献意識を持つ。,園部 篤彦は、エイサ祭りでの鼓法演奏と朝夕のジョギングで培う持久力とリズム感を持つスポーツ愛好者である。彼らはコミュニティランイベントに参加し、競争的なタイム向上と団体鼓法の協調性を同時に追求し、身体的規律と社会的結束を両立させる。,園部 篤彦は、エイサ鼓法組の一員として伝統音楽とカラオケでの現代的歌唱を融合させ、地域行事での芸術的表現と仲間意識の強化を図る芸術参加者である。彼らは楽器メンテナンスと歌唱練習を計画的に行い、競争的に最適なパフォーマンスとコミュニティ内の評価向上を目指す。,園部 篤彦は、沖縄本島から離島への祭り巡りと歴史的遺産の観光を計画的に実施し、伝統行事と自然風景の両方を楽しむ旅人である。彼らは事前に移動スケジュールと宿泊先の予約を確実に行い、競争的に最適な移動手段と現地体験の質を追求し、地域コミュニティとの交流を重視する。,園部 篤彦は、家庭菜園で育てたゴーヤや紅芋を用いた沖縄料理、特にゴーヤチャンプルーと紅芋のデザートを自ら調理し、地域食材の季節感と栄養価を最大化する料理人である。彼らはレシピの計量と調理時間を厳密に管理し、競争的に友人への提供と味の評価向上を図りながら、食文化の継承に実務的に貢献する。,園部 篤彦は、予算管理と安全基準を徹底しながら、ジョギングと鼓法で健康とコミュニティを同時に育む実務的リーダーである。,沖縄県出身で、地域の結びつきを大切にしながら「建前」と「本音」を使い分ける姿勢が根底にある。伝統行事や音楽への関心が強く、家庭では祖父母から受け継いだ方言や食文化を大事にしている。,建設現場の進行管理、予算見積もり、安全衛生の遵守、資材調達と工具メンテナンスに長年従事し、現場チームのスケジュール調整と品質管理を実務的に行う。,"['進行管理', '予算見積もり', '安全衛生管理', '資材調達', '工具メンテナンス']",地元のエイサ祭りで鼓法組の一員として参加し、健康維持のためのジョギングと家庭菜園で沖縄の野菜を育てることに楽しみを見出す。社交的な側面では友人とカラオケで仲間意識を深めるのが好き。,"['エイサ祭り鼓法参加', 'ジョギング', '家庭菜園', 'カラオケ']",シニアプロジェクトマネージャーとして地域規模のインフラ案件を統括し、全体の安全基準とコスト効率を高めるリーダーシップを発揮したい。後進の育成を通じて業界の実務水準向上にも貢献することを志す。,男,56,既婚 (子供あり),高校卒,建設業 大手,九州地方,西日本,沖縄県,日本,50代,７５０～８００万円未満,775.0,国民生活基礎調査(0003131978)P(所得|年代)×全国家計構造調査(0003426512)県別所得指数 で年代×地域条件付け,high,普通,低,PB-NB併用,低,たまに,中,スーパー・ドラッグストア・EC・郊外量販(車),ネット・テレビ併用,沖縄で建設業の大手に勤めて三十年近くになる。現場の予算管理と安全基準を守ることが仕事の軸で、その感覚が家計にも移っている。食料品はスーパーと通販と郊外の量販店を車で組み合わせる。特定のブランドに縛られず、用途と価格で判断する。子どもたちも育って、妻との二人暮らしに大きな不満はない。一番の楽しみはエイサーの鼓法で、祭りの季節に向けて週に一度練習に参加する。ジョギングと家庭菜園も欠かさない。島野菜を育てる畑の時間だけは、仕事の段取り感覚を手放している。カラオケで仲間と声を出すのも好きだ。
6d3b66a6bc3042a78a980dc8522a8096,匂坂 真綾は介護現場で培ったプロセス最適化と季節の移ろいへの感性を融合させ、メンター制度と標準化ケアプロトコルの導入で組織成果指標の向上を狙い、彼らは実務と新規アイデアの両面で企業価値向上を図るビジネスパーソンだ。,匂坂 真綾は季節散歩と盆栽盆栽鑑賞をミニ運動として取り入れ、軽度の有酸素刺激と姿勢改善を追求し、たまに自己嫌悪に襲われながらも継続的鍛錬を重視、彼らは組織的かつ感情的敏感なシニアスポーツ愛好者である。,匂坂 真綾は書道の筆文字練習と茶室での抹茶体験を通じ、文化的季節感と内面の静寂をアートに昇華させ、創作と伝統の二重性を大切にし、彼らは高い開放性と協調性を備えた芸術実践者だ。,匂坂 真綾は地域のお祭り参加とシニアシェアキッチンの食材調達遠足を組み合わせ、季節の風景と食文化の探求を旅の目的に据え、心配しやすいが細部にこだわり続く、彼らは慎重かつ情緒的な旅行者である。,匂坂 真綾は季節野菜と抹茶の調味を取り入れたシェアキッチン料理交流で、伝統的味覚と健康志向を融合させながら仕送り相手への栄養配慮を実践し、彼らは実用性かつ感情的配慮が結びつく料理熱信者だ。,匂坂 真綾は介護現場と季節文化を結びつけ、財務安定と健康促進を同時に追求し、協調的だが感情的敏感さと組織的実践力で人生の諸側面を統合する人物である。,東京都出身で、家族間の絆を大切にし、親や子へ定期的に仕送りを行うことが日常の一部となっている。和食や季節の行事を重んじ、地域の御祭りや町内の掲示板での情報共有にも積極的に参加している。,介護福祉業界で40年の経験を持ち、ケアプラン作成、利用者の身体機能評価、リハビリ支援、チームミーティングでのファシリテーション、電子カルテの入力と管理、基本的なPC操作やメールでの社内連絡、ICT機器のトラブルシューティングの基礎知識がある。,"['ケアプラン作成','身体機能評価','リハビリ支援','チームファシリテーション','電子カルテ入力','基本PC操作','メール連絡','ICTトラブルシューティング基礎']",季節の移ろいを楽しむ散歩、静かな茶室での抹茶体験、書道での筆文字練習、歴史小説の読書、地域のシニア向けシェアキッチンでの料理交流、植物の育成や盆栽鑑賞を好む。,"['散歩','抹茶体験','書道','歴史小説読書','シェアキッチン料理交流','植物育成','盆栽鑑賞']",退職前の数年で、若手介護スタッフへのメンター制度を確立し、利用者の生活の質向上に向けた標準化されたケアプロトコルを社内で提案・導入したいと考えている。地域福祉の連携強化にも貢献したい。,女,61,既婚,大学卒 文系,介護福祉業 大手,関東地方,東日本,東京都,日本,60代,１１００～１２００万円未満,1150.0,国民生活基礎調査(0003131978)P(所得|年代)×全国家計構造調査(0003426512)県別所得指数 で年代×地域条件付け,high,切り詰め,低,NB・品質志向,低,しない,高,スーパー・ドラッグストア・EC併用(駅前),テレビ・新聞中心(ネット利用は限定的),東京の介護福祉の現場で長く働いてきた。世帯収入は悪くないが、老後を考えると気を緩める気になれない。身の回りは節制しながら、品質は妥協したくない。知名度のあるメーカーを選ぶことが多く、通販と駅前のスーパーを組み合わせている。情報はテレビと新聞の方が落ち着く。夫と二人の生活で、季節の移ろいを楽しむ散歩が日課になった。抹茶を丁寧にいただく時間も大事にしている。書道の筆文字は気持ちを落ち着かせるのにちょうどいい。職場では若いスタッフの育成に力を入れるが、家に帰ったら植物の世話をしながら今日のことをゆっくり手放す。
1ea0c45201264953b6c5c0c5379dab64,増本 久治は、HACCP実務とLeanシックスシグマを駆使した工程改善のプロフェッショナルで、データドリブンなレポート作成に長けている。彼らは、構造化されたプロセスを好む一方で、チームメンバーの自主性も尊重し、プロセスリーダーとして安全性と生産効率の向上を同時に追求する姿勢を示す。,増本 久治は、週末のサッカーでチームプレイと競争心を同時に体感し、ピッチ上での戦術的判断と仲間への鼓舞を楽しむスポーツ・パーソナである。彼らは、ゲームの結果に執着しつつも、練習のプロセスを分析し、個人とチームのパフォーマンス向上に情熱を注ぐ。,増本 久治は、会社の飲み会でのカラオケとLINEグループ内の旅行企画共有を通じて、音声とデジタルテキストの二元的な自己表現を実践するアーツ・パーソナである。彼らは、メロディと文脈の組み合わせで感情を伝え、仲間とのクリエイティブな対話を通じて、日常の中に芸術的な価値を見出す。,増本 久治は、LINEグループでの旅行プランニングと、近畿圏の週末ドライブを通じて、共同体験と自発的探索のバランスを取る旅行・パーソナである。彼らは、地域の祭りや食文化を訪れることで、旅先の歴史的実践と現代的快適さを組み合わせ、仲間と共有できる思い出を創出する。,増本 久治は、HACCPを意識した食材の安全管理と、地元の味噌や醤油を使ったレシピ開発に熱中する料理・パーソナである。彼らは、Excelでの栄養データ集計と、週末のカラオケでの食材トークを組み合わせ、味と健康の両立を追求し、仲間への料理提供を通じてコミュニティの結束を高める。,増本 久治は、品質管理とチームリーダーシップを軸に、データと創造性で実務と仲間関係を最適化する、構造化志向の24歳パーソナである。,三重県出身で近畿圏の風土に根ざした価値観を持ち、上の世代とのコミュニケーションギャップを埋めようと努めつつ、同世代はSNSやLINEでの自己表現とつながりを重視する点を自然に取り入れている。,食品製造の品質管理や工程改善、HACCPの実務経験が豊富で、Leanシックスシグマの手法を活用したコスト削減やプロセス最適化に強みがある。Excelを駆使したデータ集計とレポート作成が得意。,"['品質管理','工程改善','HACCP','Leanシックスシグマ','Excel']",週末のサッカーや会社の飲み会でのカラオケ、友人とLINEグループで旅行の計画を共有することを楽しみ、趣味の仲間とつながりを保ちながら自己表現を大切にしている。,"['サッカー','カラオケ','旅行計画（LINEグループ）']",将来的に工場のプロセスリーダーとしてチームを率い、製品の安全性と生産効率の向上を実現し、持続可能な製造体制の構築に貢献したいと考えている。,男,24,未婚,大学院卒 理系,食料品製造業 大手,近畿地方,西日本,三重県,日本,20代以下,５０～１００万円未満,75.0,国民生活基礎調査(0003131978)P(所得|年代)×全国家計構造調査(0003426512)県別所得指数 で年代×地域条件付け,low,普通,高,PB-NB併用,高,よくする,中,EC・ドラッグストア・郊外量販(車),SNS・動画中心(ネット>テレビ),三重の食料品メーカーで品質管理の仕事をしながら、大学院で学んだ理系の知識を現場に活かせるか日々試している。二十四歳で収入は少なく、毎月の使い方はかなり慎重だ。食料品は通販とドラッグストアを中心に値段を比べてから買う。衝動買いはしない性格だ。週末のサッカーだけは絶対に削らない。試合のあとに仲間と飲んでカラオケへ流れる時間にかかる費用は、生活費の中で優先度が高い。旅行はメッセージアプリのグループで行程を立てるのが好きで、計画しているときが一番楽しかったりする。今の仕事は向いていると感じている。
c7e7805479834d25b411b2259ad78449,西川 弥江は47歳の採用デジタル戦略家で、オープンマインドと実務的な誠実さを両立させる。彼らはSNS広告の効果測定と応募者データベースの最適化を通じ、地域中小企業の採用効率化を業界標準に引き上げるリーダーシップを発揮し、柔軟な計画と協調的な意思決定でチームの中核を支える。,西川 弥江は週末のハイキングと和菓子作りのリズムで、低い外向性ながら協調的に少人数の仲間と健康的な活動を楽しむ。彼らは柔軟なスケジュールとオープンなフィードバックで、軽い運動習慣を継続し、ストレス軽減と体調管理に役立てている。,西川 弥江は手作り和菓子と読書会で創造的な表現を追求し、伝統的な茶道の敬意とデジタル情報収集の実用性を融合させる。彼らはオープンなアイデア交換と慎重な品質管理で、少人数の芸術コミュニティに深い感動と協調的な価値を提供する。,西川 弥江は季節ごとの地元散策と茶室訪問を旅のスタイルとし、デジタルツールで情報を共有しながら少人数の仲間と静かな探索を楽しむ。彼らはオープンな学びと慎重な計画で、自然と文化の微細な体験を深く味わい、心の安定と好奇心を満たす。,西川 弥江は抹茶とゆずの和菓子作りで、伝統の味とデジタルレシピ管理を組み合わせ、オープンな試行と慎重な味覚調整を実践する。彼らは協調的な食事会で少人数に共有し、神経質に健康と季節感を考慮した料理体験を提供する。,西川 弥江はデジタル採用戦略と伝統的な茶道の静寂を結び、柔軟な計画と協調的なリーダーシップで職場の中核を支える。,静岡県出身で、地域の伝統行事や地元の食文化を大切にしながら、職場では「道徳観を大事にする」姿勢で求職者の誠実さを見極め、仲間からは「仕事や家庭で中核的な存在」と信頼されています。,求人情報のデジタル配信や応募者データベースの運用に長け、SNS広告の企画・効果測定を行いながら、顧客企業の採用ニーズを柔軟に調整し、実務と新しいアイデアの両立を実践しています。,"['求人情報デジタル配信', '応募者データベース運用', 'SNS広告企画・効果測定', '顧客企業の採用ニーズ調整']",自然散策や地元の茶道教室での静かな時間を好み、少人数での読書会や手作りの和菓子作りに没頭しながら、デジタルツールで情報収集や趣味仲間との連絡をシームレスに行っています。,"['自然散策', '茶道教室', '少人数読書会', '手作り和菓子', 'デジタル情報収集']",中堅としての経験を活かし、地域の中小企業の採用支援をリーダーシップで拡大し、デジタルツールを駆使した採用効率化を業界標準にすることを目指しています。また、後進の育成にも注力し、職場の中核的存在として長期的な組織貢献を追求しています。,女,47,未婚,高校卒,職業紹介業 中堅,中部地方,東日本,静岡県,日本,40代,６００～６５０万円未満,625.0,国民生活基礎調査(0003131978)P(所得|年代)×全国家計構造調査(0003426512)県別所得指数 で年代×地域条件付け,mid,切り詰め,中,PB-NB併用,低,よくする,高,スーパー・ドラッグストア・EC・郊外量販(車),ネット・テレビ併用,静岡で職業紹介の仕事をして二十年以上になる。収入は人並みだが、住宅ローンと老後を考えると余裕があるとは言い切れない。スーパーとドラッグストアを車で回りながら通販も組み合わせて買っている。プライベートブランドと有名メーカーを品目によって使い分けるのが自分のやり方だ。茶道の稽古だけは別の金の使い方をしている。道具の手入れにかける時間と費用を惜しんだことがない。仕事ではデジタルツールを使いこなしているが、プライベートでは静かな場所で手を動かす時間の方が好きだ。読書会や和菓子作りも、同じ延長線上にある。
351a942940264cb483bd167604104f0f,田中 きえこは農協の中堅職員として、季節ごとの祭りと農作業のデジタル記録を組み合わせた効率化プロジェクトを主導し、開放性と誠実性のバランスで地域活性化の新しいモデルを構築している。,田中 きえこは伝統的な踊りのリズムと農作業の体力を組み合わせたコミュニティ・フィットネス・プログラムを立案、外向性と開放性を活かしたフレキシブルな運動指導で、季節ごとの競技意識と協調性の両立を図っている。,田中 きえこはデジタル写真と季節祭りの映像作品を制作し、非伝統的な発想と開放性の高い芸術的好奇心で、地域の文化価値と個人の創造性を同時に表現するプロジェクトを主導している。,田中 きえこは農村の四季散策と祭り参加の体験ツアーを企画し、協調性と外向性を活かした現地交流とデジタル記録で、訪問者に地域の季節感と共同体意識を体感させる旅行プランを提供している。,田中 きえこは季節の根菜と海産物を使った郷土料理のレシピを開発し、開放性と誠実性で素材の保存方法と栄養価を科学的に検証、子育て世代向けに簡易調理キットとして配布している。,田中 きえこは農協のシニアコーディネーションとデジタル祭り融合のリーダーで、開放性と外向性を核に柔軟な企画と財務調整で地域活性化を追求する。,北海道の農村で育ち、季節ごとの祭りや農協主催のコミュニティ活動に参加しながら地域とのつながりを大切にしてきた。,農業生産管理、農協の中堅職員としての調整力、Excelでの作業集計やメールでの情報共有といった基礎的なデジタルツール活用、そして地域祭りの企画・運営に対する好奇心と柔軟な対応力を備えている。,"['農業生産管理', '調整力', 'Excel集計', 'メールコミュニケーション', '地域祭り企画']",季節の食材を使った料理、伝統的な踊りの練習、デジタル写真で祭りや農作業の様子を記録すること、時には一人で読書や自然散策を楽しむ。,"['料理', '伝統踊り', 'デジタル写真', '読書', '自然散策']",農協のシニアコーディネーターとして地域全体の農業活性化に貢献し、デジタル技術と伝統的な祭り文化を融合させた新しい取り組みをリードしたい。子どもの将来を見据えて、子育て支援と農業支援が両立できる仕組み作りも目指す。,女,21,既婚 (子供あり),高校卒,農協 中堅,北海道地方,東日本,北海道,日本,20代以下,５０万円未満,25.0,国民生活基礎調査(0003131978)P(所得|年代)×全国家計構造調査(0003426512)県別所得指数 で年代×地域条件付け,low,切り詰め,高,PB-NB併用,高,よくする,高,EC・ドラッグストア・郊外量販(車),SNS・動画中心(ネット>テレビ),北海道の農協で働きながら、子どもを抱えて夫と二人で切り盛りしている。二十一歳でここまで来るとは思っていなかったが、今はこの生活が自分の形だ。収入は少なく、毎月本当にぎりぎりだ。生活用品はネットと郊外の量販店を車で使い分けて安く揃える。デジタルは得意な方で、SNSで農作業の様子を記録するのが習慣になった。伝統的な踊りの練習には月に何度か通っていて、これだけは時間を確保している。近所との人間関係が仕事と生活の両方を支えていて、その繋がりを大事にしたいと思っている。一人で自然の中を歩く時間も、静かに必要としている。
f843898ec73148a5ae8320167f340c1f,比嘉 博士はデジタルツールを駆使して自動車整備工場の業務効率を最大化するマネジメント戦略を推進している。彼らは在庫管理システムと診断ソフトを統合し、作業時間とコストの削減を可視化するダッシュボードでチームの進捗をリアルタイムに共有し、約束した納期は必ず守るという誠実性を実務に落とし込んでいる。,比嘉 博士は地域祭りで鼓手のリズムに合わせた体力トレーニングや、車両撮影時のロケーション移動を活かしたサイクリングを楽しむアクティブライフを送っている。彼らは週末に自転車で河川敷を走り、魅力的な風景構図を追求しながらカロリー消費と心理的リフレッシュを同時に実現し、外向性と協調性をスポーツに統合している。,比嘉 博士は車両の光と影を捉えるフォトグラフィーで、祭りの提灯や邦服とのコラボ作品を制作し、非伝統的な美意識を表現している。彼らはミラーレンズと低感度ISO設定で夜間の色彩再現を追求し、作品展示の際には観客に対話的な解釈を促す開放的な芸術体験を提供し、創造的思考と社交的発信力を融合させている。,比嘉 博士はロードトリップを活用し、毎年名古屋市の青祭りと長野県の雪まつりの二大祭典を巡り、地域の祭礼と風土に根ざした体験を重ねている。彼らは車の走行距離を測定し、エンジン音と自然音の対比を楽しみながら、宿泊先で開催される地元料理の試食と、次回の旅程をデジタルカレンダーで共創し、リーダーシップと拡張性のある旅行計画を実践している。,比嘉 博士は地元の味噌カツと祭りで提供されるたこ焼きの食感と塩分バランスを評価し、整備作業の合間に自作のスパイスミックスでバーベキューソースを調合している。彼らは部品交換の時短手順を催し料理のフレーバー実験に置き換え、味覚の微調整と効率化への講義を自身のツールキットに具現化し、流行と伝統の対話を食卓に持ち込んでいる。,比嘉 博士は費用対効果と創造性を同時に追求する、地域密着型自動車整備の未来設計師である。,愛知県の中部地方で育ち、地元の祭りや地域コミュニティ活動に参加する機会が多く、周囲との協調や費用対効果を重視する消費姿勢が自然に身についた。,マニュアル整備に加えて、車両診断ソフトや在庫管理システムを活用したデジタル整備、コストパフォーマンスを考慮した部品選定と顧客提案が得意。,"['車両診断ソフト運用', '在庫管理システム活用', '部品コストパフォーマンス分析', 'メカニカル整備', '顧客提案コミュニケーション']",地域の祭りへの参加や車両フォトグラフィー、コストを意識したDIY整備、デジタルガジェットの比較検証が好き。,"['祭り・コミュニティ参加', '車両フォトグラフィー', 'DIY整備', 'デジタルガジェット比較', 'コストパフォーマンス志向のショッピング']",デジタルツールを駆使した効率的な自動車整備工場のマネジメントに昇進し、最終的には自らのブランドで地域に根ざしたサービスを展開したい。,男,26,未婚,大学卒 文系,自動車整備業 中小,中部地方,東日本,愛知県,日本,20代以下,１００～１５０万円未満,125.0,国民生活基礎調査(0003131978)P(所得|年代)×全国家計構造調査(0003426512)県別所得指数 で年代×地域条件付け,low,切り詰め,中,NB・品質志向,中,しない,高,EC・コンビニ・ドラッグストア中心,SNS・動画中心(ネット>テレビ),愛知で自動車整備の仕事をしている。収入は少なく、一人暮らしがようやくというくらいだ。食料品と日用品はコンビニとドラッグストアと通販で済ませる。ブランドへのこだわりは薄そうに見えて、整備に使う工具だけは品質で選ぶ。安物を使って現場でトラブルが起きる方が高くつくとわかっているからだ。ガジェットも数字で比べてから決める。SNSで製品のレビューを調べるのは得意で、納得してから買う。地域の祭りには毎年顔を出す。整備した車両を写真に残すことが、仕事と趣味の境目になっている。
d322b7c8f07c4d188cca37cd768ab539,長井 謙介は、飲食サービスの現場でメニュー開発とスタッフ教育に注力し、POSとExcelを駆使したデータ分析で業務効率を高める実務志向のリーダーであり、構造的思考と高い誠実性を生かして中小カフェ開業を目指す。,長井 謙介は、近郊の川での釣りをリラクゼーションと微細な技術訓練として位置付け、外向性と計画性を活かし、季節ごとの釣果を記録しながら自己成長を図っている。,長井 謙介は、書道で心を整え、木工で実用品を制作することで高い開放性と協調性を表現し、地域の祭りで作品を披露しながら文化的価値の継承に貢献している。,長井 謙介は、箱根や伊勢への短期旅行を通じて自然と歴史に触れ、計画的な旅程と好奇心旺盛な開放性で地域の伝統行事を体験し、帰還後は職場やコミュニティに新たな視点を持ち込む。,長井 謙介は、季節の地元食材でメニューを開発し、旬の魚介類や山菜を活かした料理を提供することで、調理スキルと顧客満足への誠実性を結びつけ、スタッフと共有する実務的な料理指導を行っている。,長井 謙介は、構造的思考と地域志向を基盤に、飲食サービスの実務改革と文化的活動を融合させ、協調性と誠実性で持続可能なカフェ開業を目指す。,神奈川郡で育ち、関東地方特有の住宅街と商店街の結びつきを実感しながら、地域住民へのホスピタリティを大切にする暮らしを経験。家族や同僚との関係性から、協力と相手への気配りが自然に身についた背景。,飲食サービスの現場でメニュー開発やスタッフ教育に従事し、顧客満足度向上のためのサービス精神を発揮。POS操作や在庫管理、簡易的なExcelによる売上・材料仕入れ分析を日常的に活用し、実務上の課題に即した実務的解決策を提供。,"['メニュー開発', 'スタッフ教育', 'POS操作', '在庫管理', 'Excel活用']",休日は近郊の川で釣りを楽しむと共に、祭りや地域イベントへ積極的に参加。書道で心を整え、木工で実用品を手作りし、時折箱根や伊勢へ旅行して自然と歴史に触れることに関心を持つ。,"['釣り', '祭り参加', '書道', '木工', '旅行']",中小飲食サービスの現場経験を活かし、将来的に自らのコンセプトで小規模なカフェを開業。地域コミュニティと連携したサービス向上を推進し、後進の指導や業界団体でのリーダーシップを通じて、サービス品質の標準化を目指す。,男,45,既婚,短大卒,飲食サービス業 中小,関東地方,東日本,神奈川県,日本,40代,７００～７５０万円未満,725.0,国民生活基礎調査(0003131978)P(所得|年代)×全国家計構造調査(0003426512)県別所得指数 で年代×地域条件付け,high,切り詰め,中,PB-NB併用,低,たまに,高,スーパー・ドラッグストア・EC併用(駅前),ネット・テレビ併用,神奈川で飲食の仕事に携わって二十年近くになる。短大を出てすぐ飲食に入ったから、体でこの業界を覚えた。妻との二人暮らしで、家計はいつも余裕が見えない感じがある。スーパーや通販を組み合わせて買い物しているが衝動買いはしない。いつか小さなカフェを開きたいという気持ちが長くあって、週末の木工はその準備に近い感覚でやっている。書道で気持ちを整え、川で釣りをする。結果より水辺にいる時間が好きだ。飲食の現場で積み上げたものを自分の場所でやってみたい、その気持ちだけはずっと変わっていない。
8146217a780a4ef0beadd611f70d2367,小島 富士恵は退職後、地域史の文書化プロジェクトを主導し、研究者への指導と自治体の文化保存顧問として構造化された手順と信頼性の高さを活かすビジネス・パーソナを体現し、外向性と誠実性が協調的な組織運営に影響を与える。,小島 富士恵は季節の変化に合わせた自然散歩と軽い体操、民謡合唱をリズム運動として取り入れ、構造的な運動計画と社交性が継続的な体力維持に貢献し、彼らは地域コミュニティと調和したスポーツ・エンゲージメントを実践する。,小島 富士恵は民謡合唱と茶道、編み物を通じて伝統芸術と手仕事の融合を探求し、誠実性と開放性が創作過程の柔軟性と品質管理に影響し、彼らは季節の儀式と自然観察を芸術的表現に組み込む文化芸術の担い手である。,小島 富士恵は地域史フィールド調査と季節ごとの祭り参加を通じたローカルトラベルを好み、計画的な旅程と外向性が地域住民との交流を深め、彼らは自然と歴史への敬意が旅行体験の核になることを体現する。,小島 富士恵は郷土料理の調理と季節食材の保存、茶道の抹茶と昆布だしの技術を融合させ、協調性と神経症傾向が味のバランスと健康配慮に影響し、彼らは自然の恵みと伝統工法を食文化に落とし込む料理の探求者である。,小島 富士恵は構造化された地域保存と季節感を重んじた健康・文化・財務実践で、外向性と誠実性が調和した人生観を示す。,北海道出身で、戦後の高度成長期に大量就職ブームを体感し、地域社会の結束を重視する文化的価値観を育んだ。季節感や自然への敬意が生活の基盤にある。,実験装置のアナログ操作、手書き統計解析、紙資料の整理・保存、地域史のフィールド調査に長年従事し、デジタルツールに依存しない研究手法を熟知している。,"['アナログ実験手法','統計解析（非デジタル）','図書館資料管理','地域史調査']",散歩や編み物、郷土料理の調理、民謡の合唱、茶道など、手を使う活動と自然に触れる趣味を通じて心身の調和を保つことを好む。,"['散歩','編み物','郷土料理','民謡合唱','茶道']",退職後は後進の研究者を指導し、地域の歴史を文書化して次世代に残す活動を続けること、また自治体の文化保存プロジェクトに顧問として参画することを目指す。,女,75,既婚,高専卒,学術機関 中小 (現在は引退),北海道地方,東日本,北海道,日本,70代,５０～１００万円未満,75.0,国民生活基礎調査(0003131978)P(所得|年代)×全国家計構造調査(0003426512)県別所得指数 で年代×地域条件付け,low,切り詰め,高,NB・品質志向,低,たまに,中,スーパー・ドラッグストア・地域商店(車/家族送迎),テレビ・新聞中心(ネット利用は限定的),北海道の研究機関に長く勤めて引退してから数年が経つ。今は年金と貯蓄で夫と二人の生活を成り立たせているが、余裕はない。買い物は家族の車に乗せてもらう。スーパーとドラッグストアと地元の商店を回って、知名度のある品を優先しながら予算に合わせている。唯一妥協しないのは食材で、旬のものを地元で選ぶことに時間をかける。編み物は長く続けていて、毛糸の質と色選びを丁寧にやる。郷土料理の調理、民謡の合唱、茶道の稽古。どれも体を動かしながら人と繋がれることが好きだ。新聞とテレビで世の中の動きは十分把握している。
984c8b0fae054044a71b973a50a500a9,宮沢 湊翔は、食料品製造ラインの機械保守と工程改善のベテランとして、効率と安全の両立を追求する。オープンな好奇心で最新の自動化ソリューションを検討しつつ、綿密な標準書作成で信頼性を確保し、後進への技能伝承を使命感として掲げている。,宮沢 湊翔は、季節の川魚を狙うフライフィッシングと地域の太鼓演奏を体魄とリズムの両面で鍛える趣味を持つ。柔軟な組織感覚でチームプレイを楽しむだけでなく、競争的な側面が自己ベストを追求させ、年齢に合わせた低負荷の持続的活動を選択している。,宮沢 湊翔は、書道と盆踊りの太鼓側で、筆の一本と太鼓の叩きを通じて伝統的な美意識と自己表現を融合させている。オープンマインドで新しい筆調を試しつつ、誠実に文化行事の継承を担い、感情の起伏が作品に深みを与える。,宮沢 湊翔は、広島県内の史跡散策と川辺の釣り旅行で、歴史的背景と自然環境の調和を体感する。計画的に情報収集を行う誠実性と、未知への好奇心がバランスを取り、地域の防災祭や伝統行事に参加しながら足跡を残すことを重視している。,宮沢 湊翔は、季節の川魚の塩焼きや地元の漬物作りを通じ、食材の保存技術と風味の舌触りにこだわる。在庫ローテーションの知識で食材管理を徹底し、感情の変動が料理の味に影響をもたらす点を敏感に活かし、伝統的な食文化保存と味覚の実験を同時に行っている。,宮沢 湊翔は、機械保守と安全策で組織の信頼性を高め、在庫コスト削減と伝統行事への積極参加で地域貢献を実現する高年齢の実務者である。,広島県の中部に所在する小都市で、戦後の復興期に家族とともに生活し、地域の祈りや防災行事への参加を通じて、顕著な郷土意識と共同体への貢献感覚を育んできた。また、子育て世代の親が来訪し、同居する形で世代間交流を維持している。,食料品製造工程における機械保守とライン段取り改善の実務経験が豊富で、品質管理基礎知識と在庫ローテーション管理手法に通じている。高齢者向けの職場安全策の立案や、作業標準書の作成・更新に実績がある。,"['機械保守', 'ライン段取り改善', '品質管理基礎', '在庫ローテーション管理', '職場安全策立案', '作業標準書作成']",地域の盆踊りや祭礼の太鼓側に参加し、釣りで季節の川魚を楽しみ、歩く史跡散策で広島県を巡る歴史への意識を保ちつつ、書道を通じた精神統一や瞑想的な時間を持ち、心身のバランスを図っている。,"['盆踊り参加', '釣り', '史跡散策', '書道', '季節行事の太鼓側']",引退後は、地域産業の持続的発展を支援する形で、若手従業員への技能伝承と、地元の食文化保存活動へのボランティア参加を中心に据えている。身近な尼（兼）秘教的な改善提案や、伝統行事の運営補助を通じ、地域貢献の実感を深化させることが目標。,男,76,既婚 (子供あり),高校卒,食料品製造業 中堅 (現在は引退),中国地方,西日本,広島県,日本,70代,１５０～２００万円未満,175.0,国民生活基礎調査(0003131978)P(所得|年代)×全国家計構造調査(0003426512)県別所得指数 で年代×地域条件付け,low,普通,低,PB-NB併用,低,しない,低,スーパー・ドラッグストア・地域商店(車/家族送迎),テレビ・新聞中心(ネット利用は限定的),広島の食料品メーカーで機械保守の仕事を長くやって引退した。七十六になった今は息子が車で買い物に連れて行ってくれる。収入は多くないが、やりくりに困っているわけでもない。地域の行事への参加だけは別だ。盆踊りや祭礼の太鼓を叩くことに情熱を注いでいて、太鼓の皮と撥の手入れにかかる費用は毎年計画に入れている。川釣りも楽しんでいる。広島の史跡を歩く習慣があって、書道で気持ちを整えてから散策に出ることもある。ネットはほとんど使わない。テレビと新聞と、店で手に取って確かめる買い方が合っている。
048c22bfbf7d4a4398aac9cf5b04701f,鈴木 もえこは、地域の農産物をデジタルブランド化しオンライン販売と直売を統合した事業体を構築する過程で、開放性と協調性を活かして多様なステークホルダーと協働し、計画性を持って実行するが、事業リスクに直面した時に神経症的な不安感が顕在化できることを認識している。,鈴木 もえこは、農場での季節作業と子どもとの自然観察散歩を体力維持の主要な運動と位置付け、外向的に多人種のイベントや祭りで踊りに参加し、計画的な疲労管理を行うが、天候変化に対する不安が運動スケジュールに神経症的な調整を促す。,鈴木 もえこは、地域の音楽祭への参加と収穫風景のデジタル写真編集を芸術的表現と捉え、開放的に新しい音楽と視覚メディアを試行し、協調性で共同制作を進める一方、評価や創作の不確実性に対する心配が創作過程で神経症的エネルギーとして現れる。,鈴木 もえこは、季節ごとの祭りと郷土食体験を主軸にした旅行プランを設計し、外向的に地域住民と交流しながら計画的に移動手段と宿泊を手配し、旅行先での天候とスケジュール変更が心配の種となる神経症的傾向を持ちつつ運営する。,鈴木 もえこは、数種類の地元果実や無農薬野菜を使用した保久・発酵料理のレシピ開発と料理教室の実施を通じ、開放的に素材の可能性と料理美学を探求し、協調的に参加者の多様な嗜好に合わせ調整しながら、過剰な期待に対して心配が調理過程で神経症的に顕在化することを自覚している。,鈴木 もえこは、季節素材を活かした農業芸術とオンライン販売を統合し、外向的にコミュニティと共創しつつ、計画性と神経症的心配のバランスで事業と生活を管理する創造的リーダーである。,関東・栃木県の農村で、地域特有のくだものや野菜の保存方法が世代から受け継がれており、食文化の地域差が家庭料理に深く根付いている。子供のころは塾や習い事では音楽と農業体験教室に通い、実務と芸術への好奇心が育まれた。,有機野菜の栽培技術と土壌管理、スマート農機の操作とデータ分析による収穫予測、地域イベントの企画・運営、地元食材を活かした料理教室の指導、家族のための時間管理と育児支援。,"['有機農業', 'デジタル農業ツール活用', '地域イベント企画', '料理教室指導', '家族時間管理']",季節の食材を使った創作料理、地元の祭りや音楽イベントへの参加、子供と一緒に自然観察と絵本の読み聞かせ、簡単なデジタル写真編集で収穫風景を記録すること。,"['創作料理', '音楽イベント参加', '自然観察', 'デジタル写真編集']",自らの農場ブランドを立ち上げ、オンライン販売と地域直売を統合し、食文化の地域差を広める情報発信基地に育て上げること。将来的には農業と芸術を融合した体験型ワークショップを定期開催し、次世代の農業リーダー育成に貢献したい。,女,33,既婚 (子供あり),高校卒,農業,関東地方,東日本,栃木県,日本,30代,５５０～６００万円未満,575.0,国民生活基礎調査(0003131978)P(所得|年代)×全国家計構造調査(0003426512)県別所得指数 で年代×地域条件付け,mid,切り詰め,高,NB・品質志向,中,よくする,高,EC・ドラッグストア・郊外量販(車),SNS・動画中心(ネット>テレビ),栃木で農業をやりながら子育てと家事を抱えて動いている。夫と二人で畑を管理しているが、農業収入だけでは家計が苦しく支出を絞っている。野菜の苗だけは品質で選ぶ。安物を植えて失敗する方が損だからだ。日用品は通販と量販店を車で使い分けて安く揃える。SNSで農作業の様子を発信していて、地元の人に届いている手応えがある。子どもと一緒に自然を観察しながら歩くのが週末の楽しみで、地元の音楽イベントにも毎年参加している。楽しみに使えるお金は少なくても、農業への手応えがあるからこの暮らしを選んでいる。
3b185fa6cdb941bea1704af9631f3c3c,安藤 麗加は、地方自治体の予算編成支援と住民説明会運営に長年従事し、構造化されたプロセスと予測可能な成果を重視する姿勢が際立つ。新たな民間コンサルティング事業へ転身する際、手続きマニュアル化への開放的なアイディアと、期限遵守への苦手意識が微妙なジレンマを生むが、彼らは組織的抵抗を乗り越えて実務改善のスケールアップを狙う。,安藤 麗加は、歴史的神社仏閣を巡るゆっくりとした散策を軽度の有酸素運動として取り入れ、競争的なスポーツへの関心は低いが、小規模のグループでの歩行イベントを通じて、構造的に安全なサイクルを確保し、彼らは個人の身体的リズムと地域伝統の融合を図る。,安藤 麗加は、ジャズの落ち着きと季節の生け花、茶道の儀礼性を組み合わせ、感情の起伏が激しい中でも芸術的表現への開放性を保持する。彼らは、地域の祭りに絡む木工製作ワークショップで、繊細な技術と伝統的価値観の接点を探り、創造的な自己実現と共同体の文化継承を同時に追求する。,安藤 麗加は、長崎県内の歴史的寺社を巡る小規模の文化遺産ツアーと、季節ごとの茶会を組み合わせた旅行スタイルを好む。彼らは、自らが指導役として若手公務員に提示する「歴史的地域行事レジリエンス」の過程で、限られた人数のグループが深い対話と静寂な観察を通じて、観光と地域資源保護の相互作用を体感できるよう設計する。,安藤 麗加は、緑茶と季節の和菓子（桜餅と金箔菓子）を通じて、繊細な味覚と儀礼性の両面を重視し、料理のスキルは庶民的な調理法よりも、伝統的な茶席での甘味提供に向けられる。彼らは、地域行事の後継者育成の中で、若者に対し「茶菓子と財務公共サービス」の統合的学習を指導し、味覚と職務の融合を促進する。,安藤 麗加は、管理手続きの構造性と感情の揺れを抱えつつ、伝統的儀礼と公共財政の開放性を統合し、地域の若手公務員育成と文化行事後継支援を同時に推進する人物である。,長崎県の歴史と九州地方の独自の祭りを大切にし、地域コミュニティの伝統的な価値観や家族の絆を尊重した生活観を持つ。,行政手続きの管理、地方予算編成の支援、公共政策の調査・分析、文書の整理・閲覧対応、住民説明会の運営など、現場での実務に精通している。,"[""行政手続き管理"",""予算編成支援"",""地方政策調査"",""文書整理・閲覧対応"",""住民説明会運営""]",茶道や季節の生け花を通じて心を落ち着かせ、長崎県内の歴史的な神社仏閣を散策しながら歴史小説を読むことを楽しむ。音楽では落ち着くジャズを聴く。,"[""茶道"",""生け花"",""歴史小説読書"",""散策（長崎県内の歴史的展示巡り）"",""音楽鑑賞（ジャズ）""]",退職後に地域の若手公務員への指導役を担い、行政の手続きや住民サービスの改善に貢献する体制を構築したい。また、伝統的な地域行事の後継者育成にも関わりたい。,女,59,既婚 (子供あり),高専卒,地方公務員,九州地方,西日本,長崎県,日本,50代,６５０～７００万円未満,675.0,国民生活基礎調査(0003131978)P(所得|年代)×全国家計構造調査(0003426512)県別所得指数 で年代×地域条件付け,mid,切り詰め,中,PB志向,低,しない,中,スーパー・ドラッグストア・EC・郊外量販(車),ネット・テレビ併用,長崎の地方公務員として三十年以上働いてきた。子どもも独立して夫との二人暮らしになった今も、将来への備えを優先しているからゆとりは感じない。日用品は車でスーパーや量販店をまとめて回る。プライベートブランドを品目ごとに試してきた。茶道と生け花の稽古は週の中心に置いていて、道具の更新には費用をかけても惜しくない。長崎の神社仏閣を散歩しながら歴史小説を持ち歩くのが週末の定番だ。若い公務員の育成と文化行事の後継者支援にも携わっている。ジャズを静かに流しながら書類を仕上げる夜が、一番はかどる。
4a5fd86c5bf848e385fde9ab1e501341,進藤 晃市は59歳のプラスチック製造ベテランで、リーン生産とカイゼンを駆使し、コスト削減と安定供給を実現しながら、部下のリーダーシップ育成とサステナブルな素材選定で部門の環境目標達成をリードすることに強い使命感を抱いている。,進藤 晃市は自然散策と季節ごとの古民家カフェへの徒歩訪問を趣味とし、緩やかなジョギングと軽い太極拳の組み合わせで年齢に合わせた体力維持を図り、競技性よりもリズムと調和を重視した活動で心拍数とストレスのバランスを取っている。,進藤 晃市は書道と茶道で日本的な美意識を磨きつつ、近隣ギャラリーの現代アート展でジャズと邦楽の融合音楽を楽しみ、作品の背後にあるコンセプトを分析し、好奇心とオープンマインドで新たな表現手法を自らの芸術的視座に取り込んでいる。,進藤 晃市は近江八王子の古民家カフェで読書と季節の食材を堪能する週末旅行を計画し、地域の伝統的な軽食と自然散策を組み合わせた持続可能な旅程で、同時に地元のコミュニティと文化体験への敬意を示している。,進藤 晃市は季節の茶葉と地元産の鯛や山芋を用いた和食と、ジャズフェスで出会ったシーフードタパスのフュージョンレシピを試すことに熱中し、味覚と音楽の調和を料理に反映させ、友人との食事で協調と創造性を共有している。,進藤 晃市は高度な製造管理能力と芸術的好奇心を持ち、持続可能性と協調性を基盤に多面的な人生を構築している。,関西・大阪府出身で、戦後の高度成長期に家族と共に暮らしながら、地域の商人精神と協調性を重んじて育った。近畿特有のフレンドリーさと控えめさを持ち合わせ、和を大切にしつつ新しい芸術やアイデアへの好奇心も忘れない。,プラスチック製品の製造プロセス全般に精通し、生産計画・工程管理・品質保証を中心に、現場の安全基準遵守やサプライヤー交渉、部下の指導育成を担当。リーン生産やカイゼン手法を取り入れ、コスト削減と安定供給に貢献してきた。,"['生産計画', '工程管理', '品質保証', '安全基準遵守', 'サプライヤー交渉', '部下指導・育成', 'カイゼン（改善）', 'リーン生産']",書道や茶道で落ち着きを取り戻し、近所の小さなギャラリーで開催される現代アート展を巡るのが好き。週末は自然散策や近江八王子の古民家カフェで読書し、季節の音楽フェスでジャズと邦楽の融合を楽しむ。,"['書道', '茶道', '現代アート鑑賞', '自然散策', '読書', 'ジャズと邦楽の融合フェス参加']",退職前に現場のベテランとして若手リーダーの育成を完了させ、サステナブルな素材選定と省エネ工程の導入で企業の環境目標達成に寄与したい。最終的には部門の後継体制を確立し、統括管理職へのステップアップを目指す。,男,59,既婚 (子供あり),大学卒 文系,プラスチック製品製造業 中堅,近畿地方,西日本,大阪府,日本,50代,３００～３５０万円未満,325.0,国民生活基礎調査(0003131978)P(所得|年代)×全国家計構造調査(0003426512)県別所得指数 で年代×地域条件付け,low,普通,中,PB-NB併用,低,よくする,高,スーパー・ドラッグストア・EC併用(駅前),ネット・テレビ併用,大阪のプラスチック製品メーカーで長く働いている。文系の大学を出て製造管理に入って今は工程全体を見る立場だ。家計はそれほど苦しくないが気ままには使えず、スーパーや通販を組み合わせながらプライベートブランドと有名メーカーを品目で使い分けている。書道と茶道は長年続けていて週の精神的な軸になっている。現代アートが好きで、近所の小さなギャラリーで作家本人と話せる機会を大事にしている。大きな美術館より小さな会場の方が性に合っている。自然散策を季節ごとに続けていて、ジャズと邦楽が混ざる演奏の充足感が忘れられない。
fae147fe95f84ee0b224597aef3c23ab,伊沢 了子は卸売業の中堅担当者として、仕入れ交渉と物流コーディネーションに長け、在庫分析をExcelで実施しながら現場志向の柔軟性と競争的なアプローチを融合させ、地域密着型拠点立ち上げのビジョンを実務経験で裏付けている。彼らは高い開放性と外向性で新アイデアを評価し、誠実性は実務上の調整に留め、協調性は適度に抑えつつ、適度な神経症傾向でリスクに備えている。,伊沢 了子は季節ごとの地域祭りでダンスやカラオケをパフォーマンスとして取り入れ、近隣の散歩路でのウォーキングと庭仕事を低強度のトレーニングと位置付け、競争的な姿勢で自己ベンチマークを設けつつ、外向性で仲間と活動を楽しんでいる。彼らは開放性で新しいレクリエーションを試し、誠実性は継続性に投資し、協調性は時に競争心を優先し、神経症傾向で体調変化に敏感に対応する。,伊沢 了子はカラオケでのボーカル表現と地域祭りでの伝統舞踊を芸術的実践として結びつけ、料理レシピの開発を味覚アートとして位置付け、コミュニティの創造的交流を促進している。彼らは高い開放性で芸術表現の多様性を受容し、外向性で観客と対話し、誠実性で作品の品質にこだわり、協調性は芸術的競争心で時に抑制し、神経症傾向で評価への感受性を持つ。,伊沢 了子はライトノベルと旅行記事を参考に、自然豊かな地方都市への移住と週末の近隣散策を計画し、地域の祭りや市場を訪問しながら地元コミュニティと深く関わる旅行スタイルを志向している。彼らは開放性で新しい目的地を探索し、外向性で現地の人々と交流し、誠実性で旅程を実務的に組み立て、協調性は現地の習慣に合わせ、神経症傾向で交通や安全リスクに敏感である。,伊沢 了子は家庭料理のレシピ開発を情熱とし、地域祭りの屋台で季節食材を活かしたメニューを提供し、料理プロセスをデータ分析と倉庫管理のノウハウで最適化し、食文化の継承と効率的供給を両立させている。彼らは高い開放性で味の実験を行い、外向性で食事を社交の場とし、誠実性で品質管理に徹し、協調性は競争的な料理コンテストで時に抑制し、神経症傾向で顧客の評価に敏感に反応する。,伊沢 了子は卸売現場の柔軟なリーダーで、地域密着のサプライチェーンとコミュニティ文化を融合させた実務と競争志向のバランスを持つ。,東京在住だが、地方都市への移住を検討中で、地域コミュニティや伝統行事への関心が強い。中学卒という教育背景ながら、実務経験で培った現場志向と、昔ながらの礼儀作法を大切にする。,卸売業の中堅担当者として、仕入れ交渉、在庫管理、物流コーディネーションに長け、Excelでの在庫分析や業務用メールの管理を日常的に実施。商品知識と取引先ネットワークを駆使し、現場の課題解決に柔軟に対応。,"['仕入れ交渉','在庫管理 (Excel)','物流調整','業務メール管理','商品知識','取引先ネットワーク構築']",カラオケと地域祭りへの参加が好きで、料理特に家庭料理のレシピ開発を楽しむ。また、近隣の自然散策やガーデニングでリフレッシュし、時折ライトノベルや旅行記事を読んで情報収集する。,"['カラオケ','地域祭り','家庭料理レシピ開発','散歩・ガーデニング','ライトノベル読書','旅行情報収集']",地方移住を機に、地域密着型の卸売拠点を立ち上げ、現場主導でサプライチェーンの効率化と取引先の拡大を実現したい。最終的には支店長としてマネジメント経験を積み、業界内での信用を高めることを目指す。,女,49,未婚,中学卒,卸売業 中堅,関東地方,東日本,東京都,日本,40代,７５０～８００万円未満,775.0,国民生活基礎調査(0003131978)P(所得|年代)×全国家計構造調査(0003426512)県別所得指数 で年代×地域条件付け,high,ゆとり,中,PB-NB併用,低,たまに,低,スーパー・ドラッグストア・EC併用(駅前),ネット・テレビ併用,中学を出てから東京で働き続けて、今は卸売の現場を仕切っている。四十九歳で独身、収入は安定していてゆとりも感じている。スーパーと通販を組み合わせるが、手に取って選びたい品は店へ行く。料理が趣味で、家庭料理のレシピを自分で考えて素材の組み合わせを変えながら試す。地域の祭りには毎年行って、カラオケで仲間と盛り上がるのも好きだ。近所を歩くことでリフレッシュして、ガーデニングで手を土に入れる。学歴の話を持ち出す人間と気が合わないことが多い。現場で何ができるかの方がずっと重要だと思って生きてきた。
1c9d8d562cdf4d93a7be950b5700d863,村越 莉那は36歳の持続可能な有機農園経営者で、GISによる農地可視化とデジタルレポートを活用し、彼らは地域食と環境教育の拠点としてビジネスモデルを拡大している。,村越 莉那は週末の農園トレイルウォークと軽い体幹トレーニングで、彼らは低心拍持続性エクササイズを通じてストレス耐性と身体的調和を維持している。,村越 莉那は尺八演奏と季節風景写真を地域ワークショップで融合させ、彼らは伝統音と視覚芸術が共同体の創造的対話を刺激する場を提供している。,村越 莉那は収穫祭や里山巡礼といった季節行事を軸に、彼らは農業体験イベントで地域の歴史的農村サイトを訪れ、学びと交流を旅のテーマにしている。,村越 莉那はヘクサゴン形の遺伝保存野菜と野生酵母で作る発酵菜を用い、彼らは食材の土壌起源を尊重した料理をコミュニティのポットラックで共有している。,村越 莉那は自然とデジタルを結びつけた有機農業リーダーとして、彼らは持続可能性と地域協働をビジネス、資金、健康、芸術の全領域で体現している。,近畿地方の農村で育ち、子どもの頃は塾や習い事で学びの機会を大切にする風土に触れた経験があり、自分の価値観や人生観を自らの選択で形にすることを重視しています。地域の祭りや伝統行事に参加しながら、自然との調和を意識した生活を送っています。,有機農業の実践と土壌管理、GISを用いた農地の可視化・分析、ExcelやGoogle Workspaceによるデータ管理・レポート作成、地域コミュニティの運営とワークショップの企画・ファシリテーションに長けています。,"[""有機農業"",""GIS活用"",""Excel・Google Workspace"",""地域コミュニティ運営""]",自然観察と写真撮影、伝統楽器（尺八）の練習、読書（特に農業・環境に関するエッセイ）と、週末の農業体験イベントへの参加や企画を趣味としています。,"[""自然観察・写真撮影"",""尺八演奏"",""農業関連読書"",""農業体験イベント企画・参加""]",持続可能な有機農園を拡大し、地域の食と環境教育の拠点として機能させることを目指しています。また、農業とデジタルツールを融合させた新しい農業モデルの実証と、若手農業従事者へのメンターシップ提供にも意欲的です。,女,36,未婚,大学卒 文系,農業,近畿地方,西日本,奈良県,日本,30代,７００～７５０万円未満,725.0,国民生活基礎調査(0003131978)P(所得|年代)×全国家計構造調査(0003426512)県別所得指数 で年代×地域条件付け,high,ゆとり,低,NB・品質志向,低,しない,中,スーパー・ドラッグストア・EC・郊外量販(車),ネット・テレビ併用,奈良で有機農業をやって七年になる。大学で文学を学んだあと縁あって農業に転じた。三十六歳で独り身だが特別意識することはない。収入はそれなりで、日用品はスーパーと通販と量販店で品質に納得できるものを選んでいる。農業体験のイベントを週末に企画することがあって、参加者に土の感覚を伝えるのが楽しい。尺八を練習しているのは変わっていると言われるが、農作業の合間に音を出すと気持ちが落ち着く。農業と環境に関するエッセイが好きで、書き手の視点から新しい発見をもらう。自分がやっていることの意味を問いながら動いている時間が好きだ。
e7b2895b24344b06b6c0de20caffa73c,佐藤 美智は旅行会社のプランナーとして顧客の家族構成と要望を丹念にヒアリングし、海岸沿いのキャンプ場と祭り参加を組み合わせたオリジナルパッケージをデジタルブックに仕上げる。彼らは顧客体験を自らのSNS発信と結び付け、業界内の差別化を狙うが、組織的な締め切り管理にはたまに曲がりが出る。,佐藤 美智は海水浴とキャンプの合間にビーチバレーボールとトレイルランニングを組み込んだアクティビティメニューを企画し、顧客の体力に合わせた段階的挑戦を提案する。彼らは競争的に順位を取り入れる仕組みで参加意欲を刺激し、周期的なトレーニング計画とデジタル追跡時計を提供することで、自然環境と運動の関係性を体感させる。,佐藤 美智は風景撮影とデジタルフォトブック作成を通じて、地域の祭りの光と音を視覚的に再構築するアーティスト的側面を持つ。彼らは写真に対して非伝統的なコラージュ手法と露出実験を取り入れ、顧客の旅行体験を感性の共有財産へ変換し、SNS上で作家としての独自イメージを発信している。,佐藤 美智は千葉の海沿いで培ったおもてなし精神を、顧客の家族構成と旅の目的に合わせて地域祭り参加とキャンプ体験を組み合わせたオーダーメイド旅行に変える。彼らはデジタルフォトブックとSNSステータスの二重発信で、旅先の風景と感情を同時に伝えるストーリーテラーとして機能し、自然と人間の結びつきを旅の中心に据えている。,佐藤 美智は旅行先で参加できる海鮮焼きと地元の祭りで提供される甘味団子を顧客に紹介し、料理体験を旅行パッケージに組み込む。彼らはシーズナルな食材の入手先と調理デモを撮影し、SNSでレシピと食文化の背景をコメント付きで配信することで、味覚と視覚の両面から顧客の満足度を高めている。,佐藤 美智は旅行業のデジタルプランナーとして、海と祭りと撮影と競争的価格設定を融合させ、顧客体験とリスク管理をSNSと結び付けて設計する。,千葉県の海沿いで育ち、地元の祭りや家族の食卓で自然と交流の大切さを学び、旅行業での接客に日本のもてなし精神を自然に取り入れています。,旅行業務全般（顧客対応、旅程企画、予約システム操作）と、デジタルツールでの情報発信や顧客とのつながりを重視したSNS運用が得意です。,"[""顧客対応"", ""旅程企画"", ""予約システム操作"", ""SNS運用"", ""写真撮影（旅先）"", ""Microsoft Office（Word/Excel）""]",家族での海水浴やキャンプ、国内旅行先での風景撮影、地元の祭り参加、デジタルフォトブック作成を通じて自己表現や他者とのつながりを楽しんでいます。,"[""海水浴"", ""キャンプ"", ""風景撮影"", ""祭り参加"", ""デジタルフォトブック作成""]",地元千葉の家族向け旅行パッケージを自社ブランドで展開し、デジタルでの情報発信と顧客体験の向上を通じて、旅行業界での独自の価値を創造したいと考えています。,女,29,既婚 (子供あり),中学卒,旅行業 中小,関東地方,東日本,千葉県,日本,20代以下,５０万円未満,25.0,国民生活基礎調査(0003131978)P(所得|年代)×全国家計構造調査(0003426512)県別所得指数 で年代×地域条件付け,low,切り詰め,低,NB・品質志向,中,たまに,高,EC・コンビニ・ドラッグストア中心,SNS・動画中心(ネット>テレビ),千葉で旅行業の小さな会社に勤めながら、子どもと夫の三人で暮らしている。二十九歳で収入は少なく、生活は常に引き算だ。日用品は通販とコンビニとドラッグストアで安く揃える。旅行だけは値段で妥協しない。体験の価値を仕事で知っているから、家族と出かける旅行には予算を確保することにしている。SNSでインスピレーションを集めて、行き先と宿を自分で組み立てる。写真を撮ることが好きで、旅先の風景をデジタルアルバムにまとめる。地元の祭りにも毎年参加していて、子どもが楽しんでいる顔を見るのが一番の報酬だ。
9d14f7d67a9a42b992bced6fb8b2b664,山岸 伸輔は金属製品の機械加工と品質管理に48年の経験があり、CNC旋盤やプレス機の精密操作と寸法測定の厳格な管理でチームの信頼を築く。構造化された作業フローとデータ駆動の効率化に価値を置き、日常のExcel集計とメール連絡で業務の可視化と迅速な取引先調整を実現する。安全衛生資格取得を目標に掲げ、現場リーダーシップと柔軟な働き方の両立を通じて組織の安定と個人の成長を同時に追求する開放性と誠実性が顕在化する。,山岸 伸輔は週末の釣りとハイキングをメインとした自然志向のスポーツ習慣を維持し、持続可能な体力管理と季節ごとの漁作業サイクルに合わせた身体リズムを重視する。競争的なアプローチと低い外向性が、少人数の同好会での技術議論と自己測定結果の共有という形で現れ、自己管理と協働のバランスを巧みに保っている。,山岸 伸輔は図書館で歴史小説や素材特性に関する専門書を読むことで、文字と機械加工の融合という独自の美学を形成する。創造的な問題解決と精密さへの敬意が、加工工程における微細なテクスチャーの追求とともに、低外向性と高誠実性のパーソナリティ特性が芸術的感性と実務的技巧の交差点に落ち着いた形で現れる。,山岸 伸輔は実務上の出張で訪れた工場と、休日に足を運んだ沿岸の漁村の風景を厳選し、季節ごとの自然作業がもたらすリズムと地域行事の礼儀を記録する。小規模で深いローカル体験を好み、細部への観察と道先での正確な時間管理が、個人の低外向性と高開放性を活かした旅行スタイルを構築している。,山岸 伸輔は釣りで得た季節の鮭と、地元の農産物を使用したシンプルな味付けを好み、塩麹とゆず風味のマリネで素材の特性と保存性を最大化する料理に取り組む。料理はプロセス管理の延長として、計測と正確な温度管理に重きを置き、低神経症と高誠実性が料理工程に安定的な品質と再現性を付与する。,山岸 伸輔は金属加工における精密管理と安全志向を軸に、財務安定と健康リスク予防を同時に追求し、自然と歴史への深い関心が実務と余暇の調和を生む。,北海道の地方都市で育ち、季節ごとの農作業や漁業のサイクルを身近に経験。地域の祭りや神社の行事を通じて、共同体の絆と礼儀を重んじる姿勢が根付いている。,金属製品の機械加工と品質管理に長年従事し、CNC旋盤やプレス機の操作、寸法測定の精度管理に熟練。業務効率化のためのExcelによるデータ集計とメールでの取引先連絡を日常的に活用。,"['CNC旋盤操作', 'プレス機操作', '寸法測定', 'Excelによるデータ集計', 'メールでの取引先連絡']",週末は釣りやハイキングで自然と触れ合い、静かな時間を楽しむ。地元の図書館で歴史小説を読むことや、素材の特性に関する専門書を読むことにも関心がある。,"['釣り', 'ハイキング', '歴史小説の読書', '金属素材に関する専門書の読書']",近い将来、金属加工の安全衛生資格を取得し、現場でのリーダーシップを強化したいと考える。また、子どもの大学進学と高齢の親の介護というライフイベントに備え、安定した収入と職場の柔軟な働き方を実現することが目標。,男,48,既婚,高校卒,金属製品製造業 中堅,北海道地方,東日本,北海道,日本,40代,８５０～９００万円未満,875.0,国民生活基礎調査(0003131978)P(所得|年代)×全国家計構造調査(0003426512)県別所得指数 で年代×地域条件付け,high,ゆとり,中,NB・品質志向,高,しない,中,スーパー・ドラッグストア・EC・郊外量販(車),ネット・テレビ併用,北海道の金属製品メーカーで精密加工に携わっている。四十八歳で妻との二人暮らし、収入にはゆとりがある。食料品から工具まで信頼できるメーカーを選ぶ。安さより品質を優先していてプライベートブランドには慎重な方だ。スーパーと郊外の量販店を車で使い分け通販も活用する。週末の釣りは欠かさない。竿の先に集中している時間が一番頭が空になる。ハイキングも季節を問わず続けていて北海道の山に飽きたことがない。図書館で歴史小説と金属素材の専門書を借りて読んでいて、仕事と余暇の両方に使える知識が同じ棚にある感じがする。
9b4edd94b26a48d19410b7153f7d0696,宮本 達子は介護現場のチームリーダーを志すビジネスパーソンで、柔軟なプランニングと共感型のサービスデザインを武器に、地域包括ケアのネットワーク構築に向けて持続可能な事業モデルを模索している。,宮本 達子は季節ごとの山道散策と軽やかな太極拳の練習を日課にし、自然のリズムに合わせた低衝撃のフィジカルエクササイズで、柔軟性とバランス感覚を養いながら体力維持に取り組んでいる。,宮本 達子は水彩画で梅とみかんの色彩を捉え、茶道具の形状と郷土料理の盛り付けをモチーフにしたアート作品を創作し、感覚的な美意識と地域の食文化を融合させた表現活動を行っている。,宮本 達子は海岸の柑橘農園と紀伊山地の保存食祭を巡り、季節の祭事や地元の茶道体験を通じて、自然と伝統が交差する旅路で心のリフレッシュと文化学習を両立させている。,宮本 達子はみかんの皮を煮詰めた甘酢と梅干しの噛みしぼり塩を組み合わせた郷土レシピを開発し、季節の茶会で提供することで、味覚と季節感を調和させた料理哲学を実践している。,宮本 達子は柔軟なリーダーシップと芸術的感性で、介護と地域文化の橋渡しを実現する。,和歌山県の沿岸部ではみかんや梅の加工が盛んで、内陸部の紀伊山地では野菜中心の保存食や辛味噌が伝統的。食文化の地域差を自然に感じながら、地元の食材を活かした食事や季節の行事に親しんでいる。,身体介護の技術、認知症対応の知識、福祉用具の調整、チームでのケアプラン作成、利用者の精神的サポート。,"['身体介護','認知症対応','福祉用具調整','ケアプラン作成','精神的サポート']",茶道の作法学習、郷土料理のレシピ研究、水彩画、森の散策。,"['茶道','郷土料理レシピ','水彩画','森の散策']",介護福祉士の資格取得を目指し、主任や福祉リーダーとしてチームを支える役割へステップアップ。地域包括ケアの推進と、利用者が安心して暮らせる環境作りに貢献したい。,女,46,未婚,高校卒,介護福祉業 中堅,近畿地方,西日本,和歌山県,日本,40代,７５０～８００万円未満,775.0,国民生活基礎調査(0003131978)P(所得|年代)×全国家計構造調査(0003426512)県別所得指数 で年代×地域条件付け,high,切り詰め,低,PB-NB併用,低,しない,高,スーパー・ドラッグストア・EC・郊外量販(車),ネット・テレビ併用,和歌山で介護福祉の仕事をして二十年近くになる。四十六歳、独身のままここまで来た。収入は悪くないが老後を考えると切り詰めている感覚がある。スーパーとドラッグストアを車で回って通販も使う。プライベートブランドと有名ブランドを品目ごとに使い分けて、品質への感覚は職業柄磨かれていると思っている。茶道は十年続けていて、茶碗と釜の手入れに時間をかけることを厭わない。郷土料理のレシピを調べて地元の食材で作ることが休日の楽しみだ。水彩画はこの五年で始めた。森の散策で見た光の具合をどうやって紙の上に置くか、まだ答えが出ていない。
75537483b4bd4f6e89e08b5f1943386a,坂本 立楓は在庫調整と需要予測を統合した実務的なプランニングで店のブランド価値を高めつつ、地域ネットワークのハブとして競争的リーダーシップを示す。細部への慎重さと顧客嗜好への感度が、チーム育成と視覚的ストーリーテリングで高い誠実性と外向性のバランスを保つ。,坂本 立楓は春の庭園ジョギングと秋の茶会までの歩行で、自然リズムに合わせたフレキシブルな身体鍛錬を実践する。競争的な自己ベンチマークが外向性と開放性を刺激し、季節感覚が持続的アクティビティへと導く。,坂本 立楓は茶道具の配置といけばなの花器を融合させた商品ビジュアルで、伝統美と新しいコンセプトの対話を創出する。高い開放性が非伝統的素材の実験へと駆り立て、誠実性が遂行できる品質保証と混合する。,坂本 立楓は古寺巡礼と季節庭園撮影を通じ、観光客動向と地域文化体験の交差点を分析し、店の旅行者向け限定商品を策定する。外向性と開放性が新規市場感度へと分岐し、低い神経質度が継続的探査を支える。,坂本 立楓は季節の抹茶スイーツと手作り和菓子の素材選定で、地元産品の鮮度と美学をストーリーテリング食体験に変換する。誠実性が品質管理を強化し、開放性が甘味のフレーバー実験へと道を拓く。,坂本 立楓は在庫調整と茶道美学を通じ、競争的リーダーシップと安定した感情で地域小売の中心となる。,京都の寺院や茶屋の風景で育ち、地域の祭りや季節の変化を大切にしながら、努力や忍耐が美徳であるという価値観を日常に取り入れています。伝統的な食文化や手仕事への敬意も根底にあります。,在庫管理と需要予測を組み合わせた効率的な在庫調整、接客における顧客の嗜好把握とパーソナル提案、商品陳列の視覚的ストーリーテリング、仕入れ先との交渉によるコスト最適化、スタッフの育成とチームビルディング、地域市場や観光客動向の分析に基づく販売戦略策定が得意です。,"['在庫管理','顧客嗜好の把握と提案','視覚的商品陳列','仕入れ交渉','スタッフ育成','地域市場分析']",茶道の作法を学びながら季節の茶会を主宰し、いけばなで花と器の調和を楽しむほか、京都の古寺や庭園を散策し歴史小説を読むことで心の静けさと知的刺激を得ています。地元のボランティア活動にも定期的に参加しています。,"['茶道','いけばな','歴史小説読書','京都散策','地域ボランティア']",店のブランド価値を高めつつ、地域の伝統と結びついた新しい商品ラインを導入し、地域の小売業者のネットワークの中心的存在となることを目指しています。また、若手スタッフの指導者として後継者育成にも注力したいと考えています。,女,57,既婚,大学卒 理系,小売業 中小,近畿地方,西日本,京都府,日本,50代,４５０～５００万円未満,475.0,国民生活基礎調査(0003131978)P(所得|年代)×全国家計構造調査(0003426512)県別所得指数 で年代×地域条件付け,mid,ゆとり,中,PB-NB併用,中,たまに,低,スーパー・ドラッグストア・EC併用(駅前),ネット・テレビ併用,京都の小さな小売店を夫と二人で切り盛りして三十年以上になる。理系の学校を出て最初は別の仕事のつもりだったが、気づいたらここにいた。収入はゆとりがある方で、必要なものを必要なだけ手に入れる。通販より店頭が好きで、ネットの利用は多くない。茶道は長く続けていて今は季節の茶会を自分で主宰している。茶器は値段より手の中での収まり方と釉薬の色を優先して選ぶ。いけばなも続けていて花と器の組み合わせを考える時間が一週間で一番静かな気持ちになれる。京都の古寺を歩くことと歴史小説を読むことはほぼ同じ行為だと感じている。
05e2ed468ee94b21bfc64d16623eeca8,当間 正春は卸売チームのリーダー候補として、Excelによる在庫分析とERPでの受注管理を日常化しつつ、柔軟な交渉スタイルで取引先との絆を深めている。オープンマインドで新しい販売戦略を試す一方、計画は大まかに設定し、ストレスが高まるとパフォーマンスへの不安が顕在化しやすいが、社内の協調性と外向的なネットワーキングで乗り切る姿勢が特徴である。,当間 正春は仲間とサッカーのスリルとカラオケのチームビートを楽しむ一方、週末のハイキングで自然の中の持久力を鍛える。新しいトレーニングメニューには好奇心があり、計画的な練習メニューは緩く、試合やトレイルでのパフォーマンス不安が感情の波となって表出するが、外向的なチームコミュニケーションと協調的な励ましで乗り越える。,当間 正春はカラオケで即興の歌詞をつくり、料理という食のアートで季節の素材を組み合わせる創作活動を行う。文化的な祭りの食材や地域の音楽スタイルを取り入れた作品は、好奇心と協調性が高く、計画は緩く、作品完成時の期待と不安が感情の揺れとして現れるものの、仲間との即興セッションで感情のリリースを実現している。,当間 正春は山岳トレッキングと地元の祭り巡りを組み合わせたミニ旅行を企画し、友人グループと週末のドライブで新規の観光スポットを探索する。旅行先での地域の商店との交流や即興の宿泊プランは柔軟性が高く、事前計画は大まかで、旅行中の不確定要素が緊張感になるが、外向的に現地住民と会話し協調的に情報共有することでストレスを緩和する。,当間 正春は仲間と週末に季節の野菜と地元産肉を使った料理セッションを開催し、レシピを即興でアレンジしながら味と見た目のバランスを追求する。新しい食材や調理法への好奇心が旺盛で、料理スケジュールは緩く、完成時の味に対する不安が感情揺れとして現れるが、共有食事という協調的な場で外向的にフィードバックを受け取り、満足感を得ている。,当間 正春は柔軟な取引と仲間志向の活動でビジネスと趣味を結びつけ、感情の波と協調的サポートで成長を追求する人物である。,愛知県出身で、地元の商店や取引先との結びつきを大切にし、仲間とのつながりを重視する地元志向が根底にある。,卸売業務全般に携わり、販売交渉・在庫管理・顧客対応を実務で磨き、Excelを活用したデータ分析や基本的なERPシステムの操作に習熟している。,"[""販売交渉"",""在庫管理"",""Excel活用"",""顧客対応"",""物流調整""]",仲間とサッカーやカラオケで盛り上がり、週末は友人と山歩きや料理を楽しむなど、社交的でアクティブな趣味に没頭している。,"[""サッカー"",""カラオケ"",""山歩き"",""料理"",""友人との交流""]",中小規模の卸売チームでリーダーシップを発揮し、営業マネージャーへの昇格や将来的には独自の取引ネットワークを構築した事業を起業することを目指す。,男,27,未婚,高校卒,卸売業 中小,中部地方,東日本,愛知県,日本,20代以下,１００～１５０万円未満,125.0,国民生活基礎調査(0003131978)P(所得|年代)×全国家計構造調査(0003426512)県別所得指数 で年代×地域条件付け,low,切り詰め,高,PB-NB併用,高,よくする,中,EC・コンビニ・ドラッグストア中心,SNS・動画中心(ネット>テレビ),愛知の卸売の小さな会社で働いている。二十七歳で独身、収入は少なくて毎月の調整が必要だ。コンビニとドラッグストアと通販を組み合わせて、なるべく送料を抑えてまとめ買いしている。SNSで情報を集めて動画で確認してから注文することが多い。仲間とのサッカーと週末の山歩きは収入が少なくても削りたくない時間で、スポーツに使う費用だけは優先している。カラオケでは声が出なくなるまで歌う。料理も楽しんでいて、週末に友人が集まると自分で作ることが多い。仕事では取引先との関係を大事にしていて、人と話すことが苦にならない。
9b08357819ea4bddab1b46ca5c740f8e,足立 野々佳は、顧客対応とクレーム処理のベテランとして、マニュアル化とチームリーダーシップを兼ね備える実務家であり、開放性と誠実性が高い一方、協調性は控えめで競争的な姿勢を保ち、電話応対の標準化プロジェクトで地域の高齢者向け介護予防講座を企画する兆しを見せている。,足立 野々佳は、散歩と軽いストレッチを日課とし、運動への実用性志向と神経症傾向の低さが相まって、競争的なアプローチで自己管理型フィットネスプランを作成し、地域のシニア向けウォーキングクラブでリーダーシップを発揮している。,足立 野々佳は、手芸と健康レシピの創作活動を通じて、開放性と誠実性が高いが協調性は控えめな芸術的表現を実践し、季節の食材を使った手作りブックレットを地域の健康相談会で配布し、実用的な美学を提示している。,足立 野々佳は、近隣の海岸沿いの散策と季節の花園訪問を趣味とし、神経症傾向が低く実用的な旅行プランを組み立て、健康志向の食事と自然療法の知識を活かしたミニ旅行ガイドを作成し、同年代の友人グループに共有している。,足在 野々佳は、アサリや海藻を使った健康食品レシピと季節野菜の保存食を開発し、誠実性と開放性が高いが協調性は限定的な料理スタイルで、地域のシニア向け料理ワークショップで栄養バランスと調理技術を実践的に伝えている。,足立 野々佳は、顧客対応と健康支援を結びつけ、実用性と開放性で地域高齢者の介護予防をリードし、安定した精神と競争的姿勢で財務と健康の両面を統合する。,千葉県の海岸沿いで育ち、家族と健康を大切にする関東地方の価値観を持つ。医療・介護を意識した長期的なライフプランに関心が高く、日常的に健康志向の食事や運動を取り入れている。,顧客対応とクレーム処理に長年の経験があり、電話応対のマニュアル作成やチームリーダーシップを発揮できる。高齢者向けの介護予防に関する基礎知識も持ち、健康志向のライフプラン設計に関心がある。,"[""電話応対"",""クレーム処理"",""顧客対応"",""チームリーダーシップ"",""マニュアル作成""]",散歩や園芸で自然と触れ合う時間を大切にし、手芸や健康食品のレシピ作りで創造的な趣味を楽しんでいる。読書で知識を広げ、時折健康関連のセミナーにも参加する。,"[""散歩"",""園芸"",""手芸"",""健康食品レシピ作り"",""読書""]",コールセンターで培った顧客対応力を活かし、退職後は地域の高齢者向け介護予防講座や健康相談のボランティア活動を行いたい。健康志向の知識を共有し、家族や近隣の健康支援に貢献することが目標。,女,61,既婚 (子供あり),高校卒,コールセンター業 中堅,関東地方,東日本,千葉県,日本,60代,１２００～１５００万円未満,1350.0,国民生活基礎調査(0003131978)P(所得|年代)×全国家計構造調査(0003426512)県別所得指数 で年代×地域条件付け,high,普通,低,NB・品質志向,低,たまに,高,スーパー・ドラッグストア・EC併用(駅前),テレビ・新聞中心(ネット利用は限定的),千葉でコールセンターの仕事を続けて二十年以上になる。子どもも独立して今は夫と二人の暮らしだ。世帯収入はかなり高い方だが派手に使うわけではなく、品質への基準がある。知名度のあるブランドを選ぶことが多く、健康に関わるものは成分表示を確認してから買う。スーパーとドラッグストアと通販を組み合わせている。散歩と園芸は毎日の生活に組み込んでいて、植物が元気かどうかで自分の調子がわかる気がする。手芸も続けていて先日完成したタペストリーが一番の自信作だ。健康食品のレシピを試すのも楽しみで腸内環境の話が最近気になっている。
b81ca79573b1493a86c7e8a2b1243aec,西川 碧斗は、BIMとAIを駆使したデジタル施工コンサルティングを地域の若手職人に提供し、厳格な品質基準と体系的なアーカイブ作業で建設業界の次世代技術継承に貢献している。,西川 碧斗は、雪上の軽いスノーウォーキングと自宅周辺での柔軟体操を日課とし、組織的なトレーニングログとタブレットでの進捗分析で体力維持と安全性を高めている。,西川 碧斗は、デジタルカメラで北海道の氷景を撮影し、画像編集ソフトと書道の筆致を融合させた作品で、伝統的な美意識と現代技術の共鳴を表現している。,西川 碧斗は、歴史講座で学んだ旧建築技術を現地巡礼で実体化し、冬季の雪景色と温泉宿での家族訪問を組み合わせた短期旅行で、地域文化と自然への敬意を体感している。,西川 碧斗は、季節のホタテと昆布だしで作る味噌鍋に、書道で磨いた筆の先端を使った細切り野菜を添え、食材の鮮度と調理工程の精密さで心身の調和を追求している。,西川 碧斗は、組織的なデジタル施工指導と家族への継続的支援を通じて、厳格さと柔軟な創造性を同時に具現化する高齢の技術伝承者である。,北海道出身で、寒冷地の生活慣習や自然への敬意を重んじる。家族思いで、遠くに住む子どもたちへ定期的に仕送りを行い、親世代への感謝の念も強い。,建設現場の安全管理と品質保証に長年従事し、BIMやCADを活用したデジタル施工図の作成、現場データのクラウド管理、AIを用いた作業効率分析に精通している。高齢ながらもタブレット操作や音声入力で情報入力を行うデジタルリテラシーが高い。,"['BIM','CAD','クラウド施工管理','AI作業効率分析','タブレット操作']",デジタルカメラで自然風景を撮影し、画像編集ソフトで作品を仕上げるほか、書道で心の整理を行う。地域の歴史講座に参加し、昔の建築技術と現代デジタル技術の融合を探求することに関心がある。,"['風景写真撮影','画像編集','書道','歴史講座参加','デジタル建築技術研究']",引退後は地域の若手職人や建設業界志望者にデジタル施工技術を指導し、歴代の施工手法をデジタルアーカイブ化して次世代に残すことを目指す。また、子どもたちへの仕送りを継続し、家族の安定を支えることが重要な目標。,男,85,既婚 (子供あり),短大卒,建設業 中小 (現在は引退),北海道地方,東日本,北海道,日本,80歳以上,１５０～２００万円未満,175.0,国民生活基礎調査(0003131978)P(所得|年代)×全国家計構造調査(0003426512)県別所得指数 で年代×地域条件付け,low,切り詰め,高,NB・品質志向,高,よくする,中,スーパー・ドラッグストア・地域商店(車/家族送迎),テレビ・新聞中心(ネット利用は限定的),北海道で建設の仕事をして長く生きてきた。八十五になった今は息子夫婦に車で買い物に連れて行ってもらう。体が元気でいる間は自分の目で確かめて選びたいから、ネットだけでは済ませたくない。こだわっているのは写真だ。デジタルカメラで景色を撮って編集ソフトで仕上げることに時間をかけている。建設の現場で培った空間の感覚が構図を決めるときに役立つ。書道も続けていて、地域の歴史講座で昔の建築技術が今の工法にどう続いているかを学ぶのも楽しい。大工仕事と現代技術の連続性に、自分の仕事人生の重なりを見ている。
3cc50a2385654835afe9436ee166b703,永田 眞砂子は、介護現場で培った柔軟なスケジュール調整と利用者ニーズへの臨機応変な対応力を、地域の小規模在宅支援拠点を立ち上げるビジネスプランに組み込み、彼らが持つ実務知識と開拓精神を市場競争力に変換することを目指す。,永田 眞砂子は、自然散策と季節野菜の育成を通じた軽度のハイキングと共に、彼らが静かな環境で行うストレッチや呼吸法で柔軟性と体調管理を図り、介護現場での体力維持をサポートしている。,永田 眞砂子は、邦楽や里歌の静かな聴取、短編小説や詩の読書、手作り料理のアート的プレゼンテーションを通じて、彼らが感性と実用性を同時に鍛える創造的芸術活動を日常に取り込んでいる。,永田 眞砂子は、近隣の山間部や季節ごとの農産物直売所への小旅行を、静かな道のりと自然観察を重視したスローペースで計画し、彼らが旅先で得るリラックスと地域高齢者への配慮を両立させている。,永田 眞砂子は、季節野菜の自家栽培と手作り料理のレシピ開発を通じて、味噌煮込みや山菜の和え物、彼らが地域の食材と調理技術を融合させた健康志向の食文化を発信し続けている。,永田 眞砂子は、柔軟な介護実務と季節ガーデニングで培う実用的好奇心と協調的静寂が、彼らの地域支援と自己成長を結びつける核となっている。,三重県の山間部で中学卒業まで育ち、家族や地域で努力と忍耐が美徳と教わった。結婚後は夫の勤務先に合わせて近くの町へ地方移住し、空気を読むことが日常的に求められる環境で育った。地域の多様な高齢者への配慮が当たり前の価値観として根付いている。,介護現場での体位変換や食事介助、認知症の方へのコミュニケーション技法に熟達し、紙ベースのケア記録や家族への情報共有に長けている。柔軟なスケジュール調整と、利用者のちょっとした要望にも臨機応変に対応できる実務力を持つ。,"['体位変換','食事介助','認知症ケア','紙ベースのケア記録','家族への情報共有','柔軟なシフト調整']",自然散策や季節の野菜を育てるガーデニング、家族と一緒に作る手作り料理、静かな環境で聴く邦楽や里歌、短編小説や詩を読む読書が好き。人混みは苦手だが、静かに集中できる趣味で心を落ち着かせる。,"['自然散策','ガーデニング','手作り料理','邦楽・里歌鑑賞','短編小説・詩の読書']",中堅介護福祉士として経験を蓄積しつつ、将来的には資格取得でケアマネジメントの知識を身に付け、地域の多様なニーズに対応できる小規模な在宅支援拠点を立ち上げることを目指す。家庭と仕事のバランスを保ちながら、利用者とその家族の自立を支援したい。,女,25,既婚 (子供あり),中学卒,介護福祉業 中堅,近畿地方,西日本,三重県,日本,20代以下,５０～１００万円未満,75.0,国民生活基礎調査(0003131978)P(所得|年代)×全国家計構造調査(0003426512)県別所得指数 で年代×地域条件付け,low,切り詰め,高,PB志向,低,たまに,低,EC・ドラッグストア・郊外量販(車),SNS・動画中心(ネット>テレビ),三重の介護施設で働きながら子どもと夫の三人で暮らしている。二十五歳で収入はとても少なく、毎月節約しながらやっている。生活用品は通販と量販店で価格を比べて買う。プライベートブランドを中心に選んでいるが、実際に手に取って確かめたい気持ちが強くてネットで注文することはそれほど多くない。ガーデニングで季節の野菜を育てていて小さな収穫が毎回うれしい。家族で作る手料理の時間と静かに邦楽を聴く時間は、仕事の疲れをほぐすのに一番効く。詩や短編小説を読む習慣も続けていて、人混みより静かな場所が合っている。
12e520a151f948c3b257d63abc49655a,西山 らなは、農協で培った生産計画と灌漑設計のノウハウを、地域の後継者育成プログラムのカリキュラムに落とし込み、構造的かつ予測可能な学習プロセスを提供するビジネスリーダーである。,西山 らなは、畑の収穫体験で鍛えた体幹と、祭りの太鼓練習で培ったリズム感を組み合わせ、地域のシニア向け農業マラソンと田植えリレートレーニングを企画するスポーツコーディネーターである。,西山 らなは、茶道稽古と季節の花素材を用いた生け花が示す繊細さを、郷土料理の盛り付け演舞に昇華させ、祭礼の演出チームで創造的なビジュアル表現を指導する芸術指導者である。,西山 らなは、寺社巡礼と歴史散策で得た地域知識と、農協での協働経験を活かし、シニア向けの食文化体験ツアーと、季節行事参加型のローカル・エコツアーを企画運営する旅行プランナーである。,西山 らなは、古くから続く郷土料理の保存と、茶道の懐石精神を融合させ、季節ごとの野菜収穫と調理体験を融合した料理教室『農と茶の季節食堂』を主宰する料理文化伝承者である。,西山 らなは、協働と忠誠を礎に、計画性と安全志向で地域農業・文化活性化に貢献する、高齢シニアのマルチ分野リーダーである。,愛知県の農業が盛んな地域で、戦後の農協の拡大期に育ち、生活の大部分を長年にわたる農協の終身雇用体制の中で過ごしてきました。地域の祭りや、共同作業を通じて培われた『協働と忠誠』という価値観が、人生観や人間関係の基盤となっています。また、古くから続く郷土料理や茶道の習慣にも親しみ、地元の歴史や風土への敬意を持ち続けています。,農協での長期勤務を通じ、作物の育成管理や灌漑システムの設計、季節ごとの生産計画立案に精通しています。農機具のメンテナンスやフィールドでの手書きによる帳簿管理、地域の農家との調整・交渉、作業安全衛生の指導など、現場主導の実務スキルを有しています。加えて、季節ごとの農作業スケジュール策定や、農作物の品質管理・出荷手順の標準化にも経験があります。,"[""作物育成のノウハウ"",""灌漑システム設計・保守"",""農機具メンテナンス"",""手書き帳簿での農業記録管理"",""地域農家との調整・交渉"",""安全衛生指導と作業スケジュール策定""]",茶道の稽古や、季節の花々を生ける生け花、また、地元の歴史散策や郷土料理の調理に関心があります。寺社巡礼や、畑での野菜の収穫体験を通じて、自然と触れ合う時間を大切にしています。,"[""茶道"",""生け花"",""歴史散策"",""郷土料理の調理"",""寺社巡礼"",""自家野菜の収穫体験""]",退職後は、培ってきた知見を若手農家や地域の後継者に伝える活動に注力し、農協の歴史的資料の保存・公開に貢献したいと考えています。また、地域の食文化保存や、季節行事の運営に協力し、地元コミュニティの持続的な活性化を支えることを目標としています。,女,66,死別 (子供あり),高専卒,農協 大手 (現在は引退),中部地方,東日本,愛知県,日本,60代,１００～１５０万円未満,125.0,国民生活基礎調査(0003131978)P(所得|年代)×全国家計構造調査(0003426512)県別所得指数 で年代×地域条件付け,low,普通,中,PB志向,高,たまに,低,スーパー・ドラッグストア・地域商店(駅前/徒歩),テレビ・新聞中心(ネット利用は限定的),愛知の農協で長く働いて六十六歳で引退した。夫を先に亡くして今は子どもたちと連絡を取りながら一人で暮らしている。年金と蓄えで余裕はないが普通にやれている。徒歩で駅前のスーパーと地元の商店を使う。プライベートブランドを選ぶことが多いが品を確かめてから決める習慣は変わらない。茶道の稽古は今も続けていて先生のところへ通う日は気持ちが引き締まる。生け花のたびに夫が好きだった花を思い出す。地域の歴史を調べながら寺社を歩くことと畑の収穫体験が、農業に携わった年月を今の暮らしに繋いでいる。
20b7737b31b44a08b61e93f21fcaa561,堂村 裕実子は、労働者派遣業の現場で安全衛生のチェックリストを紙に書き込み、シフト作成を手作業で行う実務担当者として、ルーティンとチーム調整に習熟し、社交的な話し相手として顧客と口頭で情報を共有しつつ、リーダー職への昇格と新人研修カリキュラム作りに向けた実用的なビジョンを描いている。彼らは、期限遵守のプレッシャーに時折苦労しながらも、実務の改善提案を現場の声として持ち寄ることで、組織内の抵抗感を和らげつつ働きやすい環境整備を推進する。,堂村 裕実子は、地域フリーマーケットの搬入搬出作業をチームゲーム感覚で行い、カラオケでの合唱練習をストレッチとリズム運動の一環として取り入れ、実務のシフト調整で培ったタイムマネジメントを街中のウォーキングイベントに応用する中年のスポーツ愛好家である。彼らは、社交的に仲間のエネルギーを吸収しつつ、実用的に体力を維持し、紙のイベントスケジュールと口頭での参加呼びかけで周囲を巻き込む姿勢を継続する。,堂村 裕実子は、カラオケルームでの高得点のマイクパフォーマンスを、仲間への感謝と季節のフリーマーケットの掛け声に合わせた即興アートとして捉え、社内の紙掲示板に手書きのイベント案内を貼り出すことで、地域の伝統的な声掛けと紙のファンシーなデザインを融合させる実務型アーティストである。彼らは、実用性と創造性の間にあるインタラクティブな表現領域を、口頭でのアイデア共有と紙の簡易デザインで体現し、同僚の笑顔と地域の熱狂を呼び起こす。,堂村 裕実子は、毎月の地域フリーマーケットまでの徒歩ルートを『カーミング・トーク・トレイル』と名付け、紙のルートマップに行き先とクーポン情報を書き込んで持ち歩き、地元のカフェでの駅前散策と、周辺の商店街でのクーポン活用をバランスさせた実務志向のローカル旅行者である。彼らは、紙ベースの旅程表と口頭での同行者への情報共有で、地域の隠れた名所と割引の魅力を同時に楽しむことに満足感を見出す。,堂村 裕実子は、週末に紙のレシピメモに季節野菜と安価な鶏肉を組み合わせた『もったいないシチュー』を手書きで書き留め、フリーマーケットで得た割引食材とクーポン活用の自宅調理法を、近所のカラオケ仲間へ昼食として提供する実務的な料理好きである。彼らは、紙に手書きした食材の賞味期限と予算のファイルを管理し、口頭での献立相談と共に、仲間の笑顔と節約の喜びを同時に味わうことを実践している。,堂村 裕実子は、紙ベースの実務管理と地域交流を通じて、もったいない精神と社交性でリーダーシップと節約料理を結びつけた、実用性重視のキャリア志向の簿記兼人間関係構築者である。,関東地方で育ち、家庭では「もったいない精神」を大切にしながら、日常会話に微妙な関東弁の語尾やイントネーションが混ざることがある。,労働者派遣業の現場で安全衛生管理やシフト作成、チーム調整を担当し、顧客対応や基礎的な会計・文書作成にも精通している。デジタルツールの利用は最小限に留め、紙ベースの手続きや口頭での情報共有を重視する。,"['安全衛生管理','チーム調整','シフト作成','顧客対応','基礎会計','文書作成']",社交的な性格を活かし、カラオケや地域のフリマで人と交流するのが好きで、料理やクーポン活用で家計のやりくりを楽しむ。また、散歩でリフレッシュする時間も大切にしている。,"['カラオケ','地域のフリマ','料理','クーポン活用','散歩']",将来的には部署のリーダー職に昇格し、派遣労働者の働きやすい環境整備や新人研修のカリキュラム作りに貢献したいと考えている。,女,44,既婚 (子供あり),中学卒,労働者派遣業 中堅,関東地方,東日本,東京都,日本,40代,１１００～１２００万円未満,1150.0,国民生活基礎調査(0003131978)P(所得|年代)×全国家計構造調査(0003426512)県別所得指数 で年代×地域条件付け,high,普通,低,NB・品質志向,中,たまに,中,スーパー・ドラッグストア・EC併用(駅前),ネット・テレビ併用,東京で労働者派遣の会社の現場を仕切っている。四十四歳、子どもがいて夫との四人暮らしだ。仕事の実績でここまで来たという自負がある。収入は十分あるが生活費の感覚は変えていない。スーパーとドラッグストアを使いながら必要に応じて通販も使う。有名ブランドを選ぶことが多く、価格よりも使い続けてきた信頼感で決めている。料理は得意で時短でも満足できるメニューを組み合わせている。クーポンを活用して損をしない買い方を探すのも楽しみだ。夕方に一人で歩く時間が次の日の段取りを頭の中で整理する時間になっている。
79aa03740e4d4c77b6ef3d0acfdd4c31,村瀬 友華は、宿泊チェーンの経営統括として、地域資源活用と柔軟な現場調整を組み合わせた持続可能な観光モデルを設計し、次世代経営者へのメンターシップで開放性と協調性を発揮し、計画的な財務管理と柔軟な危機対応のバランスを取ることを重視している。,村瀬 友華は、庭園の手入れと季節の散歩を軽いエクササイズと位置付け、柔軟性と外向性を活かした地域のミニマラソンや茶道の長時間座位を交互に行う独自のリズムで、協調的な参加者同士の交流を促進しながら身体的活力を維持している。,村瀬 友華は、書道と生け花の実践で季節の美意識とインスピレーションを追求し、開放性と誠実性をもって地域の子ども向け美術講座を指導し、協調的な創造活動と自己表現のバランスを保ちながら、伝統的な美学と現代的な感性を融合させている。,村瀬 友華は、古民家宿と温泉地を巡る旅で、地域の祭礼や季節の食文化を体験し、外向性と開放性を活かした旅先での交流を重視し、柔軟なスケジュールで歴史的建造物の価値観を学びながら、協調的な観光モデルを構築している。,村瀬 友華は、季節の食材と茶葉を組み合わせた懐石料理のレシピを熟知し、地域の農家と協力して素材の産地直送を実現、開放性と協調性で新メニューの試作会を開催し、誠実性と柔軟性で食文化継承と創造的料理開発を同時に行っている。,村瀬 友華は、柔軟な経営と伝統的実践を融合させた地域志向のリーダーである。,広島県生まれで、戦後の復興期を経験。地域の子ども向け塾や習い事の運営に協賛し、教育と文化継承への関心が深い。家族は四代続く旅館出身で、広島の平和記念活動にも参加している。,大手宿泊チェーンの経営統括として、ホスピタリティ全般、財務計画、組織人材育成、危機管理に熟達。日本式おもてなしと地域資源活用のノウハウを保持し、業務プロセスのマニュアル化と現場の柔軟な調整が得意。,"['ホスピタリティマネジメント', '財務計画・予算策定', '人材育成・研修設計', '危機対応・リスクマネジメント', '地域資源活用・観光振興']",書道と生け花、庭園の手入れ、季節の茶会開催。広島の美術館巡りと、地域の歴史講座で子どもたちと学ぶ時間を大切にしている。旅行では日本国内の古民家宿や温泉地を訪れるのが好き。,"['書道', '生け花', '庭園手入れ', '茶会主催', '美術館巡り', '歴史講座参加', '古民家宿めぐり']",次世代経営者へのメンターシップを拡大し、持続可能な観光モデルを国内外に発信。広島の平和観光と地方創生を結びつけた新事業を立ち上げ、50年以上の事業継続と地域貢献を実現したい。,女,69,既婚 (子供あり),高校卒,宿泊業 大手 経営,中国地方,西日本,広島県,日本,60代,５００～５５０万円未満,525.0,国民生活基礎調査(0003131978)P(所得|年代)×全国家計構造調査(0003426512)県別所得指数 で年代×地域条件付け,mid,普通,中,PB志向,中,たまに,低,スーパー・ドラッグストア・地域商店(車/家族送迎),テレビ・新聞中心(ネット利用は限定的),広島で宿泊業の小さな経営をしながら六十九歳になった。子どもたちは独立していて夫とともに仕事を続けている。商売をやっていると収入の増減に慣れて使い方も落ち着いてくる。買い物は車で家族とスーパーとドラッグストアと地元の商店を回る。プライベートブランドを選ぶことが多くなったのは経費感覚が日常に移ったからだと思う。書道は長く続けていて筆で字を書く時間がないと一週間が締まらない。宿の入口に置く花を自分で生けていて生け花と庭の手入れも続けている。旅行では古民家の宿を選ぶ。泊まり手として宿を見る経験が自分の仕事に直接戻ってくる。
d627b169ff344edda42627ea8426d21a,谷口 祥司は、柔軟で実践的な学級運営と地域連携を重視し、校内研修のリーダーとして後進教師の育成と世代間のコミュニケーションギャップ解消に注力する教育ビジネスの推進者であり、彼らは新しい指導アイデアと確立された方法を同等に評価する。,谷口 祥司は、地域の盆踊りや祭りでの踊りを楽しみながら、週末には街中を散策して歩くことをスポーツ的リフレッシュとして取り入れ、彼らは柔軟なスケジュールと協調的なチーム精神で身体と交流を結びつける。,谷口 祥司は、関西弁での軽妙なトークとカラオケでの音楽表現を好み、レトロなテレビ番組やミステリー小説の芸術的構造に魅了され、彼らは創造的なアイデアを実務に活かすことで、地域文化の保存と個人的な余裕を両立させる。,谷口 祥司は、近隣の歴史的な街並みや祭りの開催地への日帰り旅行を好み、地元の大阪グルメを巡ることが旅のテーマとなり、彼らは自発的な計画と地元コミュニティとの交流を重視した旅行スタイルを維持する。,谷口 祥司は、たこ焼きや串カツといった大阪の定番料理を自宅で再現し、地元の食材とレシピを研究することが趣味で、彼らは料理を通じて人と語り合う場を創り出し、実用的な味と交流的価値の両立を目指す。,谷口 祥司は、柔軟性と社交性を活かし、地域教育と文化活動の橋渡し役として、実務と人間関係の両面でバランスを取る。,大阪府出身で関西弁を自然に使う。高度経済成長期の子ども時代を経験し、同世代の同僚や上司とは価値観が似ているが、若手教師や保護者との間に世代間ギャップを感じることがある。地域の祭りや伝統行事への参加を通じて、地域コミュニティとの結びつきを大切にしている。,児童指導と教材開発に長年の経験を持ち、学級経営や保護者対応の実務力が高い。校内行事の企画運営や地域との連携にも熟知しており、実践的な教育現場の柔軟性を重視した指導ができる。,"['教材開発','児童指導','保護者対応','校内行事企画','地域連携']",人と話すことが好きで、カラオケや大阪の食文化を通じた交流を楽しむ。街散策やレトロなテレビ番組の鑑賞、ミステリー小説の読書、地域の盆踊りや祭りへの参加など、多彩な趣味でエネルギーを得ている。,"['カラオケ','お好み焼き作り','街散策','ミステリー小説読書','盆踊り参加']",後進の教師育成に貢献し、校内研修のリーダーシップを取ることで、柔軟かつ実践的な教育手法を広めたい。世代間ギャップを埋めるためのコミュニケーションワークショップを企画し、教師と保護者の相互理解を深めることを目指す。,男,59,未婚,高専卒,小学校 中堅,近畿地方,西日本,大阪府,日本,50代,１０００～１１００万円未満,1050.0,国民生活基礎調査(0003131978)P(所得|年代)×全国家計構造調査(0003426512)県別所得指数 で年代×地域条件付け,high,ゆとり,低,NB・品質志向,低,よくする,高,スーパー・ドラッグストア・EC併用(駅前),ネット・テレビ併用,谷口と申します。大阪で小学校の教員をして、もう三十年近くになります。五十九歳、未婚ですが、子どもたちや同僚との関わりが毎日の張り合いで、孤独を感じる暇がないんです。収入には恵まれているほうで、食料品や日用品はスーパーとネット通販をうまく組み合わせて、質のいいものを選ぶようにしています。値段より素材や作り手へのこだわりが先に来る性格で、安いからという理由だけでは買いません。休日はカラオケで昭和歌謡を歌ったり、街を歩いて大阪の食の風景を楽しんだり。ミステリー小説はネット書店でまとめ買いして、盆踊りや地域の祭りにも毎年顔を出します。ただ一点だけ、ちょっとした「贅沢」があって、調理道具だけは値段を見ずに選ぶ。料理はそんなに凝らないのに、鍋と包丁だけは職人の手仕事のものを使っています。
c6ef101fa2fc427095faa2aacf847b44,山下 光幸は熟練した機械加工職人として、金属部品の手作業組立と溶接の高い安全基準を遵守しつつ、地域の技術者育成ワークショップで次世代に実用的な製造知識を伝授する姿勢が開放性と誠実性を兼ね備えていることを示す。,山下 光幸は季節の移り変わりを観察しながら橋脚の手すりを使ったストレッチや、地元の岸屋祭りでの伝統的な杖回しを軽度の運動として取り入れ、外向的な社交性と競争的な姿勢が適度な体力維持に役立っている。,山下 光幸は金箔仕上げ盆栽や手作業の金属彫刻を通じて、職人技と美的価値を融合させ、地域の祭事での装飾作業を支援しながら、開放性の高い創造的衝動と協調性のバランスが独自の芸術的声を形作っている。,山下 光幸は桜の季節に河岸の桜並木を歩き、祭りの灯籠巡りと地元の古材を使った小舟の貸し出しを経験し、外向性を活かした他者との交流と、静かな川岸での内省的な時間を交互に楽しむという旅行観を持つ。,山下 光幸は朝食に金箔を散らしたいしょんや、季節の野菜を使った味噌鍋と大阪川の鮎の塩焼きを組み合わせ、食材の質と手作業の調理過程に誠実性と開放的な冒険心を持って取り組む姿勢が際立っている。,山下 光幸は熟練した金属職人の技術と祭事への奉仕心、そして健康と財産の安全への慎重さが交差した、情熱的かつ不安定な多面的人格である。,大阪府の大坂町に生まれ育ち、岸屋祭りや岸祭りといった地域の伝統行事への参画経験がある。方言を交えながら、関西特有の礼儀や人情を重んじる風土意識が根底にある。,機械部品の組立・溶接、旋盤・フライスの手動操作、金属加工の経験が豊富で、機械の保守点検や部品交換を自ら実施できる。安全管理と品質検査を重視し、長年培った実用的な製造技術が主軸となる。,"['機械部品組立', '旋盤・フライス手動操作', '金属加工', '保守点検', '品質検査', '安全管理']",散歩で換気を図りつつ、大阪川沿いの自然や季節の移り変わりを楽しむほか、盆栽の金箔仕上げや将棋・麻雀での対局、時折スマートフォンで孫とビデオ通話を試み、最小限のIT挑戦を含む。,"['散歩', '盆栽金箔仕上げ', '将棋', '麻雀', '孫とのビデオ通話（最小限のIT挑戦）']",引退後は、息子や孫たちが機械の基礎を学ぶ場を提供し、地元の技術者育成やワークショップ開催を通じて、経験を次世代に継承したいと考えている。また、地域の伝統行事での作業支援を続け、コミュニティへの貢献を目指す。,男,76,既婚 (子供あり),高校卒,業務用機械器具製造業 中堅 (現在は引退),近畿地方,西日本,大阪府,日本,70代,５００～５５０万円未満,525.0,国民生活基礎調査(0003131978)P(所得|年代)×全国家計構造調査(0003426512)県別所得指数 で年代×地域条件付け,mid,普通,中,PB志向,中,たまに,低,スーパー・ドラッグストア・地域商店(駅前/徒歩),テレビ・新聞中心(ネット利用は限定的),山下です。もう引退して十年近くになりますかね。現役のときは業務用の機械をつくる会社で長年働いて、金属を削る感触は今でも手が覚えています。妻と大阪で暮らしておりまして、年金と多少の蓄えで、まあ普通の生活ができております。スーパーで買い物するときは必ず値引きシールを確認しますし、プライベートブランドの商品も抵抗がない。品物の中身が同じなら安いほうがいいという考えで、ずっとそうやってきました。ネットでの買い物はなかなか手が出ません、孫とのビデオ通話ですら毎回ひと苦労です。そんな私のこだわりが一つあって、盆栽の道具だけは値段を惜しみません。葉先を整える小さな鋏に、道具屋で奮発したものがある。金箔仕上げを施した松を眺めながら将棋の棋譜を並べる時間が、今の一番の楽しみです。
8f0a4ac032d948a99f6acc2929c16b21,佐藤 綾子（75）は、地方自治体で培った予算編成と文書作成のスキルを活かし、地域行事の計画と住民対応を体系的に実行し、約束は必ず守る誠実さと、構造化された業務プロセスへの高い開放性で、行政の現実的課題に対し予見的に対処するビジネスリーダーである。,佐藤 綾子は、地域祭りのボランティアでの段取りと、散歩コースでの歩数計測を組み合わせ、外向性と競争的傾向が交差する形で、自己管理型の低強度ランニングと、コミュニティ内での協調的トレーニングリーダーシップを実践するスポーツ愛好家である。,佐藤 綾子は、書道と茶道の儀式的な筆致と、地域の歴史保存活動の展示企画を通じ、開放性と誠実性が高い芸術的表現と、神経症傾向がもたらす完璧主義的検証を融合させ、伝統的価値観を現代的に再解釈するアーティストである。,佐藤 綾子は、季節ごとの郷土行事への参加と、近隣の歴史的散策路への訪問を通じ、計画的な旅程作成と外向的な人々との交流を重視し、競争的要素と神経症的な安全志向が、地域文化体験の質を高める旅行者としての視点を形作っている。,佐藤 綾子は、季節の野菜を使った庭園栽培と、茶席での和菓子作りを組み合わせ、開放性が高い食材探求と、誠実性が高いレシピ記録、さらに神経症的に健康への配慮を持って、地域の郷土料理保存と次世代への伝承を実践する料理愛好家である。,佐藤 綾子は、構造化された行政経験と競争的な協調姿勢を持ち、神経症的な心配と高い外向性で、地域の安全と文化保存に献身的に取り組む、75歳の包括的リーダーである。,愛知県の中部地方で育ち、戦後の高度成長期を経験し、地域の祭りや郷土料理、伝統的な礼儀作法を重んじる世代です。家族や隣里との結びつきを大切にし、年長者としての礼儀と地域の歴史への誇りが根底にあります。,地方自治体での行政事務全般に加え、予算編成や文書作成、住民対応の経験が豊富です。基本的なパソコン操作（ワード・エクセル）に精通し、イベント企画や地域活動の調整を行ってきました。,"['行政事務','予算管理','文書作成','データ入力','イベント企画','住民対応']",園芸や茶道、書道といった静かな趣味に加え、地域祭りのボランティアや散歩、歴史に関する読書を楽しんでいます。自然や文化に触れることで心身のバランスを保っています。,"['園芸','茶道','書道','地域祭りボランティア','散歩','歴史読書']",引退後は地域の歴史保存活動や子孫の教育支援に携わり、後進への指導・ボランティアを通じて知識と経験を共有したいと考えています。住民の安心安全に貢献し続けることが目標です。,女,75,既婚 (子供あり),短大卒,地方公務員 (現在は引退),中部地方,東日本,愛知県,日本,70代,４００～４５０万円未満,425.0,国民生活基礎調査(0003131978)P(所得|年代)×全国家計構造調査(0003426512)県別所得指数 で年代×地域条件付け,mid,普通,高,PB-NB併用,高,たまに,低,スーパー・ドラッグストア・地域商店(駅前/徒歩),テレビ・新聞中心(ネット利用は限定的),佐藤綾子です。愛知で長年、地方公務員として働いて、定年後は夫と二人でのんびり過ごしています。子どもたちも独立しまして、孫の顔を見に行くのが今の楽しみですね。年金暮らしになってからは家計をしっかり見るようになって、スーパーやドラッグストアでは値段と内容をきちんと比べます。プライベートブランドも国産の有名どころも、その日の特売次第で使い分けています。テレビと新聞が情報の中心で、インターネットはほとんど使いません。ただ、お茶だけは別です。茶道を続けて四十年になりますが、抹茶と茶道具の費用は削ったことがない。他をどれだけ切り詰めても、お稽古とそのための道具だけは生活の核心だと思っているので。書道や園芸も好きですが、茶の間だけは特別な位置を占めています。
f2b0d96ca6f04d85820e09f330dd509e,熊木 千佐子は、介護現場で培った実務経験とコスト意識を基盤に、現実的なケアマネジメント戦略を設計するビジネスリーダー志向の人物です。高い開放性で新しい効率化ツールやデータドリブンの意思決定プロセスに関心を持ちつつ、計画性は柔軟さを優先し、過度に堅苦しいスケジュールよりも適応可能なフレームワークを選択します。社交的な場面では適度に話し、チームメンバーの意見を取り入れながら協調性を発揮し、組織の調和と利用者満足度の両立を追求します。中程度の神経症傾向により大きなプロジェクトの障害に敏感ですが、回復力を活かしリスクを早期に検出し、低価格・高品質の介護モデルを構築する実務的リーダーです。,熊木 千佐子は、自然散策とDIYインテリアの趣味に結びつくアウトドア・アクティビティを楽しむリアルなスポーツ愛好者です。開放性が新しいハイキングコースやエコロジカルなトレイル装備への興味を促し、柔軟性のある予定で天候や体調に合わせて活動を調整します。外向的に仲間と情報交換し、ハイキンググループの中で協調性を発揮して安全管理やロジスティックをサポート。誠実性が適切な装備投資とコストパフォーマンス重視の選択を導き、神経症が怪我や天候リスクに敏感に対応する姿勢を育てます。,熊木 千佐子は、スマートフォンでの写真撮影とサステナビリティ関連の読書を通じて、実用的な芸術表現を楽しむクリエイティブな個務です。高い開放性が日常風景や地域の高齢者交流の瞬間を独自のビジュアルストーリーに変え、DIYインテリアの背景として活用します。外向性がギャラリーやオンラインコミュニティで作品を共有し、協調性で他者からのフィードバックを作品改良に取り入れます。誠実性が機材や素材のコスト・パフォーマンスを考えて選択し、神経症が作品の完成度や評価に敏感になるものの、回復力で継続的にスキルを磨き続けます。,熊木 千佐子は、地域の周辺や自然公園への低予算ロードトリップを好む旅行者です。開放性が新しい散策ルートやエコツーリズム情報に引き寄せられ、柔軟にスケジュールを組むことで季節ごとの景観や地元の行事を体験します。外向的に地域住民と交流し、協調性で共同作業や地域資源の利用に貢献しながら、コスト効率の高い宿泊や食事を自ら計画。誠実性が詳細な旅程表と予算表を作成し、神経症が天候や予期せぬトラブルに対して敏感であることが、事前のリスクマネジメントにつながります。,熊木 千佐子は、コスパ意識を持った料理探求者で、限定された材料で最大の風味を引き出すレシピ開発に情熱を注ぎます。開放性が食材の組み合わせやサステナブルな調理法への探求心を駆り、柔軟な食事プランで季節や余剰食材を活用。外向的に料理教室やオンラインフォーラムでレシピを共有し、協調性で参加者の好みや食事制限に配慮した改良を行う。誠実性がコスト計算と栄養バランスの管理を徹底し、神経症が味覚や仕上がりに対し敏感であるものの、回復力で失敗から新しいツールや調味料の発見につなげます。,熊木 千佐子は、コスト効率と利用者満足の両立を目指す介護リーダー志向のとき、開放性で実証的手法を導入し、柔軟性で計画を調整し、協調性でチーム調和を重んじ、誠実性でデータを正確管理、神経症でリスクに敏感に対応しつつ回復力で課題を乗り越える、実用的かつ柔軟なビジネス・金融・ヘルス・スポーツ・アート・旅行・料理の全方位ペルソナです。,群馬県の郊外で育ち、地域の高齢者との交流を通じて助け合いの精神とコスパ意識を身につけた。科学系の大学で学び、実証的な考え方と実用性を重視する価値観が根付いている。,認知症ケアと移乗支援の実務経験が豊富で、介護計画作成やチーム内コミュニケーションに長けている。介護記録システムやExcelを活用したデータ管理ができ、柔軟な対応とコスパ重視の提案を行うことができる。,"['介護計画作成','認知症ケア','移乗支援','Excel活用','介護記録システム操作']",コスパを意識した料理やDIYインテリア、自然散策を楽しむ。サステナビリティに関する読書とスマートフォンでの写真撮影を通じて、実用的な趣味を生活に取り入れている。,"['料理（コスパ重視）','DIYインテリア','散歩','サステナビリティ関連読書','スマートフォン写真']",ケアマネジメント資格を取得し、5年以内に介護福祉部門のリーダーとしてコスト効率と利用者満足度の両立を実現する。地域の低価格高品質ケアモデルを開発し、他施設への共有を目指す。,女,34,未婚,大学卒 理系,介護福祉業 中堅,関東地方,東日本,群馬県,日本,30代,１１００～１２００万円未満,1150.0,国民生活基礎調査(0003131978)P(所得|年代)×全国家計構造調査(0003426512)県別所得指数 で年代×地域条件付け,high,切り詰め,低,NB・品質志向,高,たまに,高,EC・ドラッグストア・郊外量販(車),SNS・動画中心(ネット>テレビ),熊木千佐子といいます。群馬で介護の仕事をしていて、三十四歳になります。理系の大学を出て、もともとはデータを扱う仕事を想定していたのですが、気づいたら福祉の現場にいました。年収は高いほうなのに手元がいつも窮屈で、都市部よりかなり安い物価のわりに出費がかさむのが不思議なくらいです。だからネット通販で価格を徹底比較するのが習慣になっていて、SNSで情報収集してから買うことが多い。日用品はコスパ重視、食料品は生協の宅配をうまく活用しています。こだわりが一つあって、調理用のスパイスと保存食の材料だけは少し値が張っても本物を選ぶ。料理で実験するのが気分転換で、週末にDIYで棚を作ったり、自然の中を歩いたりして、平日のきつさを洗い流しています。
9360a6e3df3c435db24d934951c2eeb9,善徳 紗也子は41歳の診療所運営リーダーで、季節ごとの健康啓発ポスターを作成しながら、組織の柔軟性と責任感のバランスを保つことに注力している。非伝統的なアイデアを歓迎する開放性が、チーム研修のカリキュラムに芸術的ワークショップを組み込む形で表れ、誠実性の高さが細部の薬剤在庫管理に現れる。一方、神経質な傾向が予算の過剰配分に対する不安を招き、競争的な姿勢が資格取得の競争で自己ベンチマークを設定する原動力となっている。,善徳 紗也子は季節ごとに地域の祭りに合わせた30分の散歩と、週2回の軽いヨガを組み合わせたセルフケアルーティンを実践する。外向性が低いため大人数のスポーツクラブは避け、少人数のグループでのストレッチクラスを好む。競争的な要素は、自身の柔軟性の向上を見える化するスマートウォッチのデータと比較し、神経症傾向が体調変化への過敏な感覚として現れる。,善徳 紗也子は油絵と水彩画で、古典文学の一節を視覚的に解釈したシリーズを制作し、茶道の作法で培った静謐さを筆致に落とし込む。開放性が多様な素材への実験的アプローチに表れ、誠実性が作品の構図と色彩計画を時間軸で厳格に管理する形で具現化している。競争的な側面が、地域のアートワークショップでの来場者数と作品評価を自己ベンチマークに設定し、神経症傾向が批評への過敏な心的反応を引き起こす。,善徳 紗也子は、季節の祭礼に合わせて近郊の神社や歴史的蔵の見学を週末のミニ旅行として組み込む。外向性の低さが大人数ツアーではなく、少人数で茶室見学や地元の料理教室に参加する選択へ導く。開放性が、訪問先での昔話や民俗音楽に対する感受性を高め、競争的な感覚が、同僚と訪問先のインスタ映像の閲覧数を非公式に比較する行動に現れる。神経症傾向は、移動中のスケジュール遅延に対する不安として顕在化している。,善徳 紗也子は、茶道の作法をベースに季節の和食へと昇華させ、春には山菜の天ぷら、秋にはきのこの味噌鍋を自宅で手作りし、料理ノートに材料調達から火加減までの細部を時間軸で記録する。誠実性が、レシピの正確さと在庫管理に現れ、開放性が、食材の組み合わせや調味料の実験的使用に現れる。競争的な側面は、地域の料理コンテストで独自のプレゼンテーションを披露し、神経症傾向が、味覚の微細な変化に対する過敏さとして表出している。,善徳 紗也子は、診療所運営と芸術創作を両立し、開放性と競争志向が自己成長と細部管理のバランスに影響を与える41歳の多面的リーダーである。,神奈川県出身で、関東地方の地元祭りや神社参拝を通じて文化や伝統を大切にしている。診療所でも季節の行事に合わせた健康啓発ポスターを作成するなど、地域の慣習を医療に取り入れる姿勢がある。,医療補助業務全般、診療所運営管理、患者カウンセリング、医療書類整理、薬剤在庫管理、地域健康啓発活動の企画運営に精通している。,"[""医療補助"",""診療所運営管理"",""患者カウンセリング"",""医療書類整理"",""薬剤在庫管理"",""地域健康啓発企画""]",油絵や水彩画による創作、古典文学の読書、茶道の作法を学びながら静かな時間を楽しむ。少人数の読書会やアートワークショップにも時折参加する。,"[""油絵・水彩画創作"",""古典文学読書"",""茶道"",""少人数の読書会"",""アートワークショップ参加""]",診療所の運営改善やチームリーダーシップ研修に携わりながら、現状のキャリアが頭打ちと感じるため、専門領域の深堀りや資格取得で再び成長意欲を高めることを目指す。,女,41,未婚,高専卒,診療所 中堅,関東地方,東日本,神奈川県,日本,40代,６００～６５０万円未満,625.0,国民生活基礎調査(0003131978)P(所得|年代)×全国家計構造調査(0003426512)県別所得指数 で年代×地域条件付け,mid,切り詰め,高,PB志向,中,たまに,高,スーパー・ドラッグストア・EC併用(駅前),ネット・テレビ併用,善徳紗也子、神奈川の診療所で働いて十数年になります。四十一歳、独身です。収入と支出のバランスを取るのが正直むずかしくて、毎月かなり切り詰めた感覚があります。日用品はプライベートブランドを中心に選んで、値札をちゃんと確認してから買い物かごに入れる。ドラッグストアとネット通販の価格を見比べるのも習慣になっています。テレビもネットも日常的に使って情報は広く取るようにしていますが、あまりSNSに時間をかけるタイプではありません。油絵や水彩画を描くのが週末の楽しみで、道具だけは妥協したくない気持ちがあります。絵の具や筆は本来のものでないと出せない色と感触があるので、そこにだけはお金をかける。読書会やアートのワークショップにもたまに顔を出して、静かに自分の時間を積み上げる毎日です。
6206b90c06a34b50a5822695f25591e5,山尾 梨来は53歳の介護福祉チームリーダーで、現場のサービス品質向上と後継者育成に開かれた姿勢と高い誠実性を持ち合わせ、5年以内に管理職へ昇進し部門全体のリーダーシップを発揮することを具体的なビジネス目標として掲げている。彼らは組織運営の柔軟性と責任感のバランスを保ち、地域包括ケア拡充の実務的なプランを策定する際に、外向的な協調性で関係者と円滑に調整する。,山尾 梨来は季節の野菜栽培と温泉への週末の小旅行を通じて、身体的な活力とリフレッシュを追求し、地域の高齢者向けウォーキングイベントのボランティアコーディネーターとして、外向的な社交性と協調性を活かしながら、健康増進のための軽いエクササイズプログラムを企画する。彼らは柔軟性と計画性のバランスで、参加者の継続的な運動参加を促す。,山尾 梨来は手作り和菓子の制作と古典文学の読書を趣味とし、地域の講演会で和菓子のデモンストレーションと文学に関する談話を提供し、創造的な表現と伝統的価値観の継承を両立させる。彼らは開放性と協調性で、参加者の感性を刺激しながら、文化的実践を通じたコミュニティの絆を強化する。,山尾 梨来は温泉旅行と関東地方の季節祭りへの参加を通じて、リフレッシュと地域文化の再体験を楽しみ、旅行プランの検証と費用対効果の分析を行う実務的な旅行者でもある。彼らは外向的な好奇心と計画的な誠実性で、訪問先の歴史と人々の生活様式を観察し、学びを日常業務に活かす姿勢を持つ。,山尾 梨来は季節野菜の栽培と地元産の餡子を使った和菓子の制作に情熱を注ぎ、介護現場の利用者向けに栄養バランスと口当たりを考慮した手作りデザートメニューを開発し、味覚と心理的安らぎを提供する。彼らは感覚的な開放性と実務的な誠実性で、調理プロセスの効率化と食材の無駄削減にも取り組む。,山尾 梨来は介護リーダーとしてサービス品質と人材育成を追求し、財務効率と健康増進を実務的に統合し、文化的実践と旅行でリフレッシュする多面的な姿勢を持つ。,埼玉県の中小都市で育ち、関東地方の祭りや地域の奉仕活動に自然と関わってきた。家族は代々介護職や福祉ボランティアに従事し、地元の福祉ネットワークを大切にしている。,介護福祉現場のチームリーダーとして組織運営と利用者支援を行い、認知症ケアや介護保険制度の知識に長けている。基本的なPC操作と介護記録ソフトの活用で業務の効率化を図り、地域福祉ネットワークの調整役も務める。,"['チームリーダーシップ', '認知症ケア', '介護保険制度知識', '介護記録ソフト操作', '地域福祉ネットワーク調整']",季節の野菜栽培や手作り和菓子の制作、地域の講演会や福祉セミナーへの参加、古典文学の読書、温泉旅行によるリフレッシュを楽しむ。,"['野菜栽培', '和菓子作り', '講演会参加', '古典文学読書', '温泉旅行']",現場のサービス品質向上と後継者育成に注力し、地域包括ケアの拡充を目指す。5年以内に介護福祉部門の管理職に昇進し、人材育成プログラムの構築と部門全体のリーダーシップを発揮したい。,女,53,既婚 (子供あり),大学卒 文系,介護福祉業 中小,関東地方,東日本,埼玉県,日本,50代,７５０～８００万円未満,775.0,国民生活基礎調査(0003131978)P(所得|年代)×全国家計構造調査(0003426512)県別所得指数 で年代×地域条件付け,high,普通,低,PB-NB併用,低,よくする,中,スーパー・ドラッグストア・EC併用(駅前),ネット・テレビ併用,山尾梨来と申します。埼玉の介護の事業所で働いていて、今年五十三になりました。夫と子どもたちと四人暮らしで、家の中はにぎやかです。世帯の収入はそこそこあって、家計がとくに苦しいということはないのですが、使い方はきちんと考えています。食料品はスーパーで選んでネット通販も活用、プライベートブランドと有名品の間で内容を見て判断する、というやり方です。価格にこだわりすぎるタイプでもなく、品質にこだわりすぎるタイプでもなく、バランスが大事だと思っています。季節の野菜を庭で育てて、収穫したものを和菓子や保存食に加工するのが好きで、そのための種や道具には惜しまない。福祉関係の勉強会や地元の文化講座にも足を運びます。年に一度は温泉旅行に行って、日頃のあれこれを全部リセットする時間を作るようにしています。
017e6d2b892a4e21b21be4cd4f3986d1,山口 直一は、柔軟なルート調整と安全搬送手順を基に、仲間の信頼と収益の安定を同時に追求する中堅物流チームのリーダー候補として機能するビジネス・ペルソナである。,山口 直一は、山間部のハイキングを週二回の有酸素トレーニングとして取り入れ、自然の勾配を利用した筋力強化と、友人と共に短距離ランを競うことで、競争心と協調性を同時に鍛えるスポーツ・ペルソナである。,山口 直一は、木材の削り出しと手作りの家具製作に没頭し、細部へのこだわりと創造的な課題解決を通じて、職場の物流設計に独自の美的視点と機能性を提供する芸術・ペルソナである。,山口 直一は、季節の祭りや山岳トレイルを少人数で巡り、地元の接待慣習と隠れた道情報を活用し、移動効率と文化体験の両立を重視する旅行・ペルソナである。,山口 直一は、仕事帰りに地元の山菜と塩麹を使った漬物を自作し、素材の保存と風味の変化を観察しながら、食事と物流のサイクルを結びつける料理・ペルソナである。,山口 直一は、柔軟性とリスク回避を同時に求めつつ、感情起伏と競争志向が行動に影響を及ぼす、総合的な自己管理を示す簡潔なペルソナである。,秋田県の東北地方出身で、地域の慣習として建前と本音を使い分けることを身につけ、生活の満足度や精神的な豊かさを大切にする姿勢がある。,トラックや軽貨物車両の運転技術と定期点検、簡易的な車両メンテナンス、荷物の積み降ろしと安全搬送手順、沿道の道路情報を基にした柔軟なルート調整ができる。,"['車両運転技術', '簡易メンテナンス', '荷物搬送安全手順', '柔軟なルート調整']",山間部のハイキングで自然を感じること、地元の祭りで少人数の友人と交流すること、手作りの木工作品に没頭しながら心の平穏を保つのが好き。,"['ハイキング', '少人数の友人交流', '木工作品']",将来的に中堅チームのリーダーとして、メンバーの信頼を得ながら効率的な物流流れを実現し、仕事を通じて精神的な充実感と安定した収入を手に入れたい。,男,22,未婚,高校卒,運輸業 中堅,東北地方,東日本,秋田県,日本,20代以下,４５０～５００万円未満,475.0,国民生活基礎調査(0003131978)P(所得|年代)×全国家計構造調査(0003426512)県別所得指数 で年代×地域条件付け,mid,普通,中,PB志向,中,しない,低,EC・ドラッグストア・郊外量販(車),SNS・動画中心(ネット>テレビ),山口直一です。秋田生まれで、今は運輸の会社に勤めています。二十二歳で、去年から正社員になりました。都市部の友人に比べると手取りは多くはないけれど、地元での生活なら何とかやっていけます。買い物は車で郊外の量販店やドラッグストアへ行くことが多くて、ネット通販も使いますが、EC慣れはまだあまりないほうだと思います。プライベートブランドの食品や日用品が多めで、価格は意識するけれど、そこまで神経質でもない。SNSや動画で情報を取ることが多いです。木工が一番の趣味で、休日は自宅のガレージで棚や小物を作ることに集中します。道具に関してだけは、安いものを使って失敗したくないから、のみや鉋はちゃんとしたものを選んでいる。山歩きと地元の祭りも楽しみで、自然の中にいると気持ちが整います。
77f051cb940e40dfa0a2384257145267,栗山 瑞貴は店舗レイアウトと地域顧客分析を掛け合わせた戦略を策定し、店舗間ベストプラクティス共有を通じてリーダーシップを発揮し、将来的に自然と文化を織り込んだ自立ブティック経営を実現しようと掲げている、彼らは開放的な創意と組織的な誠実性で目標達成を追求する。,栗山 瑞貴は週末のクロスカントリースキーと地元トレイルのハイキングを習慣化し、寒冷環境への適応と持久力向上を目指し、彼らは新意を持って野外活動を探求しつつ、外向的な仲間と競技的目標設定で開放性と誠実性を融合させている。,栗山 瑞貴は四季の変化を撮影した写真と道土佐の陶芸作品、さらには民謡踊りの実演で地方文化の表現を追求し、彼らは創造的開放性と協調的な公共参加を通じて芸術的自己実現と地域価値の両立を図っている。,栗山 瑞貴は旅行先に北海道の温泉郷、季節の花畑、歴史的祭りといった体感型観光を選び、自然と人と交流できるプランを組み立て、彼らは明朗な外向性と探求好きな開放性で地域資源への敬意と持続可能な旅行哲学を実践している。,栗山 瑞貴はホタテとウニを使用した地産海鮮丼、ジャガイモとカブの味噌漬け、そして自家製かまぼこで季節感と伝統的保存技術を餐卓に反映させ、彼らは味覚的好奇心と職業的誠実性で地元食文化を再構築している。,栗山 瑞貴は地域資源活用と持続可能なビジネスを融合させたブティック経営志向を、芸術的好奇心とリスク感受性で裏付け、彼らは多面的な価値創造を追求する。,北海道出身で、漁業や農業が地域経済の基盤だった環境で育ち、四季の移り変わりを体感しながら自然への敬意と地域コミュニティへの帰属意識が根付いている。地元の方言と標準語を使い分けることができ、札幌の都市文化と道北の田舎文化の両方に親しみを持っている。,小売販売の接客スキルと顧客満足度向上のノウハウ、在庫管理と発注計画、売上分析に基づく販売促進策、店舗のレイアウト改善と商品陳列の企画、地域の顧客層に合わせた商品選定、基本的な簿記と予算管理、シフト作成とスタッフの育成、北海道特産品に関する知識と地域イベントとの連携調整。,"['接客・顧客サービス','在庫管理・発注計画','売上分析と販売促進','店内レイアウト企画','地域商品知識','基本簿記・予算管理','シフト作成・スタッフ育成','北海道特産品知識']",四季の風景を撮影する写真趣味、道内の温泉や自然散策、北海道産の海産物や農産物を使った料理研究、地元の陶芸教室での陶芸制作、歴史小説の読書と道内の歴史祭りへのボランティア参加、北海道の民謡や踊りの学習と地域イベントでの実演。,"['写真撮影','自然散策・温泉探索','北海道料理研究','陶芸制作','歴史小説読書・祭りボランティア','民謡・踊り学習と実演']",店長昇格を目指し、売上と顧客満足度の向上を実現した上で、地域の小売ネットワークのリーダーとして他店の育成や店舗間のベストプラクティス共有に関与したい。最終的には北海道の自然と文化を反映した自分のブティックを立ち上げ、地域資源活用と持続可能なビジネスモデルを融合させた店舗経営を実現したい。,女,43,未婚,高専卒,小売業 中堅,北海道地方,東日本,北海道,日本,40代,６５０～７００万円未満,675.0,国民生活基礎調査(0003131978)P(所得|年代)×全国家計構造調査(0003426512)県別所得指数 で年代×地域条件付け,mid,普通,中,PB-NB併用,中,よくする,高,スーパー・ドラッグストア・EC・郊外量販(車),ネット・テレビ併用,栗山瑞貴です。北海道で小売の仕事をしています。四十三歳、独り身ですが自分のペースで生活できているので、それが性に合っています。収入は普通くらいで、余裕があるというほどでもないけど、切り詰めているわけでもない。スーパーとドラッグストアと郊外の量販店と、ネット通販を状況に応じて使い分けていて、プライベートブランドと有名品を内容で選ぶ感じです。車で買い物に行けるので選択肢が広いのは助かります。趣味は写真撮影で、北海道の四季の風景を撮り歩くのが何より好きです。カメラ本体とレンズだけはどうしても値段を二の次にしてしまう。他のことはなるべく節約しているのに、カメラまわりの機材にだけは定期的に投資しています。陶芸教室にも通っていて、地元の民謡を学ぶ場にも顔を出す。温泉と料理研究も生活の楽しみです。
9a31fadb382d4ea992d19c99e0b0da7b,宮沢 彰子は関西の卸売業でリーダーシップを発揮し、交渉と在庫管理を体系的に実行する。彼らは計画性と約束遵守を重視しつつ、革新的商品ラインの構築に開かれた姿勢を保ち、ストレスへの敏感さがリスク評価に影響を与える。,宮沢 彰子は地域のサークル跑歩と季節ごとの神社境内での軽いフリスビーを組み合わせ、チーム精神と身体的活力を育む。彼らは外向性と協調性を利用しつつ、競技参加時の緊張感を神経症的自己分析で克服する。,宮沢 彰子はたこ焼き粉の配合研究と昭和歌謡のカラオケで、伝統料理と音楽のインタラクティブ表現を追求する。彼らは高い開放性で新レシピを試すと同時に、契約書作成の誠実性を芸術的プレゼンに転用し、感情揺れが創作に刺激を与えている。,宮沢 彰子は近郊神社巡礼と庭植栽を通じ、季節感と地域遺産への感謝を体感する旅を計画する。彼らは外向的に地元住民と交流し、計画的な訪問スケジュールと神経症的な安全意識が旅行体験の質を高めている。,宮阪 彰子は自宅で粉ものの精密測定と海老天の揚げ具合の温度管理を綿密に行い、たこ焼きの味道具としてエビと赤天・緑天・イルミ糖蜜といった食材を固定的に配列し、抹茶点前で味覚と心を同時に調和させる。彼らは料理への開放性と誠実なレシピ構成で、幽遠な農事価値観と情緒的な料理習慣を感覚的に織り込んでいる。,宮沢 彰子は地域密着型ビジネスの実務家で、開放的な創新と忠実な計画、外向的な社交と神経症的なリスク感受性を融合し、健康と芸術・旅行・料理にまで広げた全方位型ライフスタイルを体現している。,関西の大阪府出身で、家族や近所とのつながりを大切にし、節度ある言葉遣いや礼儀を重んじる。中小の卸売業に従事しながら、地域の商習慣や風土に根ざしたビジネス感覚を培っている。,取引先との交渉と関係構築、在庫管理と発注計画、予算策定とコスト管理、チームのシフト調整と人材育成、関西の商習慣に合わせた契約書作成と商談の進行、地域イベントへの出店企画と実行、顧客の要望を的確にヒアリングし商品提案へ落とし込む能力。,"['取引先交渉', '在庫管理', '予算策定', 'シフト調整', '契約書作成', 'イベント企画', '顧客ヒアリング']",関西の粉もの料理のレシピ研究と自宅でのたこ焼き作り、季節ごとの古典文学読書、カラオケで懐かしの昭和歌謡を楽しむ、近郊の神社仏閣巡りと庭に季節の花を植える、地元の茶道サークルで抹茶の点て方を磨く。,"['たこ焼き作り', '古典文学', 'カラオケ', '神社巡り', '庭い草栽培', '茶道']",地域の中小卸売業のリーダーとして、後続の人材育成と事業継承を実現したい。持続可能な仕入れ体制と地域密着型の販売ネットワークを構築し、パートナー企業との協働で新たな商品ラインを開拓することを目指す。,女,49,既婚,大学卒 文系,卸売業 中小,近畿地方,西日本,大阪府,日本,40代,１０００～１１００万円未満,1050.0,国民生活基礎調査(0003131978)P(所得|年代)×全国家計構造調査(0003426512)県別所得指数 で年代×地域条件付け,high,普通,中,PB-NB併用,低,しない,中,スーパー・ドラッグストア・EC併用(駅前),ネット・テレビ併用,宮沢彰子、大阪の卸売の会社で働いています。四十九歳で、夫と二人暮らしです。子どもはいなくて、その分、自分たちの生活にある程度自由に使えます。収入は高めのほうですが、年収のわりに手元のゆとりはそこまで大きくない感覚で、消費は吟味する習慣がついています。食料品や日用品はスーパーとネット通販を組み合わせて、有名品とプライベートブランドを中身で選ぶ。大きな買い物は比較検討してから決めます。テレビとネットを両方使って情報を取っています。関西の粉もの料理が好きで、自宅でたこ焼きをつくるのが週末の楽しみです。粉の産地と調合にだけは凝っていて、小麦粉に関してはメーカーや挽き方をあれこれ試しています。茶道のサークルにも通っていて、神社仏閣を巡るのも好き。カラオケで昭和の歌謡曲を歌うと、仕事の疲れが一気に抜けます。
072678e0f03945ac80fe51d1c3413bf8,松井 真矢子は、広島の小売店で培った顧客対応と在庫管理の実務経験を活かし、シニア向けデジタル教室でITリテラシー指導を行いながら、地域の介護施設でボランティア活動を拡大し、介護福祉士資格取得を目指すビジネス志向のプロフェッショナルである。彼らは、POS操作とオンラインショッピングの知識をデジタルヘルスツールの活用支援へと昇華させ、地域の健康増進というミッションをビジネス戦略に組み込んでいる。,松井 真矢子は、季節ごとに変わる庭の花々の手入れを有酸素運動と捉え、地域の散歩グループで取り組む軽快なウォーキングを通じて、足腰の強化と社交的な交流を同時に満たすスポーツ志向のシニアである。彼らは、歌声で胸郭を伸ばす合唱練習と、書道で手首の柔軟性を高める動きを組み合わせ、全身の調和と持続的な活動量を保ち続けている。,松井 真矢子は、広島の民謡合唱団で季節ごとの歌謡を披露し、書道教室で季節の句に合わせた筆致の変化を楽しむ、芸術的好奇心が旺盛で非伝統的な表現を尊重する創造的なシニアである。彼らは、合唱で得た音韻感覚と書道で培った線のリズムを、ガーデニングの花配置と結びつけ、感覚と美的価値の統合的なアプローチで日常を彩っている。,松井 真矢子は、週末の散歩で見つけた近郊の歴史的遺構や、季節の祭りを訪れるローカルツアーを通じて、地域文化と自然風景を組み合わせたマイクロ旅行を楽しむ、探索心が強く社交的なシニアである。彼らは、民謡合唱団の仲間と連れ合い、書道の筆を携えて祭礼の書の展示を鑑賞し、旅行先で得たインスピレーションをガーデニングと料理に持ち込んでいる。,松井 真矢子は、庭で自家栽培した季節のハーブと広島の地元食材を活かした季節料理を作り、特に地元の風味が際立つお好み焼きのバリエーションに独自のスパイス調合を加える、料理と健康管理を結びつけた食の探求者である。彼らは、合唱で培った呼吸と書道で鍛えた集中力を調理時間のリズムと温度管理に投影し、味覚と心身の調和を追求している。,松井 真矢子は、地域の健康増進とシニア向けデジタル教育を結びつけ、文化的実践と芸術的好奇心で多面的に人生を彩る、協調性と外向性が高い67歳のシニアリーダーである。,広島県出身で、広島弁を自然に使う。戦後の高度成長期に実家の小売店を手伝い、地域の行事や方言の違いに敏感に育った。健康志向が高く、医療・介護を意識したライフプランを持ち、資格取得を目指す姿勢がある。,小売業で培った顧客対応、在庫管理、POS操作の経験と、引退後に習得したメールやオンラインショッピング、健康管理アプリの活用スキル。地域のシニア向けデジタル教室でボランティア講師として、基礎的なITリテラシー指導も行う。,"['顧客対応','在庫管理','POS操作','メール活用','オンラインショッピング','健康管理アプリ使用','基礎IT講座指導']",広島の民謡合唱団で歌うこと、書道教室で筆を練習すること、季節の花を植えるガーデニング、週末の散歩と地域の健康セミナー参加、デジタルヘルス関連の最新情報収集。,"['民謡合唱','書道','ガーデニング','散歩','健康セミナー参加','デジタルヘルス情報収集']",地域の介護施設でボランティア活動を拡大し、介護福祉士の資格取得を目指す。デジタルヘルスツールの活用支援を通じて、シニア世代の健康管理をサポートし、地域の健康増進に貢献したい。,女,67,既婚,短大卒,小売業 中小 (現在は引退),中国地方,西日本,広島県,日本,60代,４５０～５００万円未満,475.0,国民生活基礎調査(0003131978)P(所得|年代)×全国家計構造調査(0003426512)県別所得指数 で年代×地域条件付け,mid,普通,中,PB-NB併用,中,しない,高,スーパー・ドラッグストア・地域商店(車/家族送迎),テレビ・新聞中心(ネット利用は限定的),松井真矢子です。広島で育って、小売の仕事を長年やって、今は引退して夫と二人でのんびりしています。六十七歳になりました。毎日の買い物はスーパーとドラッグストアが中心で、少し遠い店は夫に車で連れて行ってもらいます。家計は普通くらいで、価格も気にするけれど、よく知っているメーカーの商品と店のブランドをうまく組み合わせながら選んでいます。意外に思われるかもしれませんが、ネット通販は積極的に使っていて、重たいものや店頭で見つけにくい商品はネットで取り寄せます。テレビと新聞が情報の中心ですが、デジタルの健康情報だけは自分から探しに行きます。広島の民謡合唱団に入っていて、これが今の一番の楽しみです。声を出すと体も気持ちも整う気がして、発表会の前は練習に気合が入ります。書道と庭のガーデニングも続けています。
0a20e5fe115743268d74dc01d8f5c204,入澤 正八は、郵便局の支店長候補として、サービス品質向上と若手育成をミッションに据え、地域のお祭りで培った協調精神と、実務で磨いたデジタル効率化スキルを組み合わせ、開放性と誠実性のバランスを保ちながら現場の声を反映した運営改革を推進している。,入澤 正八は、釣りを実践的なスポーツとして、朝の湖での待機時間を情緒的リカバリーと位置付け、外向性が控えめでも仲間の少人数チームでのラインロッド競技に参加し、協調性でルール違反への迅速な抑止を図りながら、開放性で新しい釣具の導入実験を楽しんでいる。,入澤 正八は、盆栽の剪定と歴史小説の読書を通じて、非言語的な美的感覚と時代背景への洞察を養い、協調性が高くても自己主張が必要な場面では、作家の手紙を模写するミニプロジェクトのリーダーシップを取って、外向性が控え目でも内的誠実性で作品の醸成過程を記録している。,入澤 正八は、家族と週末に郷土の河口へドライブし、景観と地域の祭りの雰囲気を写真に残しつつ、開放性で新しい葉桜の観光ルートを探索し、協調性で同行者の体調管理を配慮し、外向性が低くても、地元住民との短時間の交流でローカルフードの味見を迅速に取り入れている。,入澤 正八は、季節の鮎の塩焼き、手造り味噌、盆栽の土壌アロマを活用した茶葉のブレンドを好み、PCでレシピ管理ツールを使い、外向性は控え目でも、友人の小規模料理会で新しい調味料のテストと、有機米の炊き込みご飯を献上するオープンなフィードバックを取り込んでいる。,入澤 正八は、地域サービスと家族の調和を基軸に、開放性・誠実性・協調性がバランスする実務派リーダーである。,愛知県中部地方出身で、地域の祭りや暮らしの中で培われたサービス精神と道徳観を大切にし、家族や職場の人々と調和を保つことを重視する。,郵便局の業務全般に加えて、顧客対応や地域サービスの改善に関する実務経験があり、簡易的なPC操作やデジタルツールを活用した業務効率化を行う。,"['郵便物仕分け','対面顧客対応','地域サービス企画','簡易PC操作','業務マニュアル作成']",家族との散歩や、静かな時間を楽しめる盆栽、歴史小説の読書、週末の釣りで自然と向き合うことを趣味としている。,"['盆栽育成','歴史小説読書','釣り','家族散歩','昭和歌謡鑑賞']",支店長候補として、サービス品質向上と若手職員の育成に注力し、地域の信頼に応える郵便局運営を実現したい。,男,46,既婚 (子供あり),高校卒,郵便局 中堅,中部地方,東日本,愛知県,日本,40代,８５０～９００万円未満,875.0,国民生活基礎調査(0003131978)P(所得|年代)×全国家計構造調査(0003426512)県別所得指数 で年代×地域条件付け,high,普通,中,PB-NB併用,中,しない,低,スーパー・ドラッグストア・EC併用(駅前),ネット・テレビ併用,入澤正八です。愛知の郵便局に長年勤めていて、今年四十六になります。妻と子どもたちと暮らしていて、家族のことを考えながら毎日の仕事をしています。世帯収入はそれなりにありますが、家のローンや子どもの教育費もあるので、使い方は慎重です。食料品や生活用品はスーパーとドラッグストアを主に使って、プライベートブランドと有名品を内容で選ぶ感じです。ネット通販はあまり使わなくて、実物を見て買うほうが安心する性格です。テレビとネットの両方で情報を取っています。趣味は盆栽と釣りと歴史小説で、休みの日は静かに過ごすのが好きです。釣り道具に関してだけは、家族に少し驚かれるほど投資しています。竿やリールの品質が釣果に直結すると信じているので、そこは妥協できません。家族と近所を散歩する時間も大切にしています。
fe2fe96d5c2b453eb6747f337df64202,三上 雄輔は、地方福祉ネットワークのリーダーとして、デジタルツール導入と研修プログラムの体系化に全力を注いでいる。組織的で計画性が高く、約束したスケジュールは必ず守る一方、現場スタッフの創造的提案も尊重し、協調性と断固とした姿勢のバランスを取っている。,三上 雄輔は、果樹園での果物狩りを季節ごとの体力維持とストレス解消のプログラムとして位置づけ、地元の散歩道でのウォーキングと写真撮影を組み合わせた低負荷のエクササイズを実践している。開放性が高く、新しいフィットネステクノロジーを試す姿勢と、計画的に週ごとの運動目標を設定する誠実性が特徴である。,三上 雄輔は、歴史散策の際に撮影した写真と、無農薬ジャム作りのレシピノートを芸術的なマルチメディアプロジェクトに昇華し、地域の伝統行事とアートを融合させた展示を企画している。創造的好奇心が旺盛で、非伝統的な表現方法を尊重しつつ、チームと協調しながら実行計画を緻密に管理する。,三上 雄輔は、岡山の山陰地域の小さな集落への月1回の訪問を、地元の季節祭と食文化体験と結びつけたミニトラベルとして継続的に実践し、訪問先の場所名と体験日時を必ず記録している。外向性と計画性によって、仲間や家族への共有情報を正確に提供し、旅行の価値を地域支援に結びつけている。,三上 雄輔は、果樹園で収穫した梨と柿を素材に、無添加のジャムとコンポートを自ら調合し、地域の郷土料理祭で「梨柿ジャム」や「柿コンポート」の名前で提供している。料理への探究心と、実用的な料理スキルの組み合わせで、味のバランスと保存性の両立を追求する姿勢が顕著である。,三上 雄輔は、デジタル福祉支援と地域伝統体験を結びつけ、計画的かつ創造的にシステムと文化を統合する、信頼性と柔軟性の両立で評価されるリーダーである。,岡山県の山陰地域に拠点を移し、元々は首都圏で育ちながら地方の自然と人間関係を重視する暮らしを選択した。地元の郷土料理や伝統行事に関心を持ちつつ、地域の高齢者福祉ネットワークの一員として地域移住者の視点を活かしている。,介護福祉計画の策定と実施、電子カルテと介護支援ソフトの操作、チームリーダーとしてのスタッフ育成、地域連携を意識したサービス改善、日常業務に必要なデジタルツールの基礎活用。,"[""介護計画策定"",""電子カルテ操作"",""チームリーダーシップ"",""地域サービス改善""]",週末に岡山の果樹園で果物狩りと無農薬ジャム作りを楽しむほか、地元の歴史散策と写真撮影、オンラインで介護関連のウェビナーや新しい福祉テクノロジー情報を収集することに関心がある。,"[""果物狩り＆ジャム作り"",""歴史散策と写真撮影"",""介護テクノロジー情報収集""]",大手介護企業の地域統括部門で研修プログラム統括者に昇格し、地方の介護現場にデジタル支援と品質向上のベストプラクティスを普及させることを目指す。また、地方移住者の視点を活かした福祉人材の育成にも貢献したい。,男,47,未婚,短大卒,介護福祉業 大手,中国地方,西日本,岡山県,日本,40代,１００～１５０万円未満,125.0,国民生活基礎調査(0003131978)P(所得|年代)×全国家計構造調査(0003426512)県別所得指数 で年代×地域条件付け,low,切り詰め,高,PB-NB併用,高,よくする,低,スーパー・ドラッグストア・EC・郊外量販(車),ネット・テレビ併用,三上雄輔です。岡山の介護の現場で働いています。四十七歳、未婚です。大手の法人に勤めているのですが、給与は高くなくて、毎月の生活はかなり切り詰めています。食料品はスーパーで特売を狙いつつ、重い日用品だけはネットで比べて安いところから取り寄せる感じです。ECの利用頻度はそれほど高くなくて、基本は実店舗が多い。テレビとネットを使って情報を取っています。仕事では介護記録のデジタル化に関心があって、オンラインのウェビナーや新しい福祉テクノロジーの情報を自分から追いかけています。週末の楽しみは郊外の果樹園での果物狩りで、採れたものでジャムを作るのが一番のこだわりです。農薬不使用の農園を探して足を運ぶことに、生活費の中で優先的にお金を使っています。岡山の街の歴史を歩きながら写真に収めるのも好きです。
e451eb2dd830451c9441d5a7a7e6cf90,河端 國枝は、ケースマネジメントと就労支援プログラムのデジタル化を推進するリーダーシップ志向のプロフェッショナルであり、組織的な計画力と新しいアイデアへの好奇心（開放性）を活かしつつ、約束は必ず守る（誠実性）姿勢でチームを調整し、協調的なアプローチ（協調性）で他者支援に注力し、業務上のストレスが高まると感情の揺れが顕在化しやすい（神経症傾向）というバランスを保っている。,河端 國枝は、春の桜山歩き、夏の渓流ハイキング、秋の紅葉観察といった季節ごとのトレイル活動を通じて、計画的なルート設定と安全チェック（誠実性）を重視し、自然観察への好奇心（開放性）と仲間との交流（外向性）のバランスを保ち、協調的にチームペースを調整しつつ、天候不順が感情の揺れを引き起こしやすい（神経症傾向）ことを覚えている。,河端 國枝は、茶道の作法とデジタルフォトエディティングを融合させたビジュアルストーリーテリングを創作し、伝統的な儀式と現代的な表現手法を同時に評価（開放性）し、作品制作のスケジュール管理と細部へのこだわり（誠実性）で高品質を維持し、共創型のワークショップで他者と協働（協調性）しつつ、作品評価の変動が感情に影響しやすい（神経症傾向）点を自覚している。,河端 國枝は、季節行事に合わせた地域祭りの企画参加と、山岳トレイルを巡るローカル旅行を好み、事前に詳細な旅程と安全対策（誠実性）を立て、未知の風景や文化に対する好奇心（開放性）と、現地住民との交流で適度に社交的（外向性）なバランスを保ち、旅先での予期せぬトラブルが感情の揺れを招きやすい（神経症傾向）ことを心得ている。,河端 國枝は、季節の茶葉と地元産の山菜を使った和食メニューを季節ごとに開発し、レシピの試行とデジタル記録（誠実性）を徹底し、新しい食材の組み合わせに対する好奇心（開放性）を持ち、料理教室での協調的な指導（協調性）を行い、味の評価が期待外れになると感情が揺れやすい（神経症傾向）点を意識している。,河端 國枝は、デジタル支援ツールと季節行事を結びつけた実務志向のリーダーであり、計画性と協調性で課題に取り組むが、感情の揺れが生じやすい点に留意している。,福島県の郡部で育ち、東北地方特有の自然と季節行事への深い敬意を持つ。震災後の復興活動に参加した経験から、地域コミュニティの結束と助け合いの精神を重要視している。,職業支援施設でのケースマネジメント、就労支援プログラムの企画・運営、デジタル記録システムの活用とデータ分析、地域ネットワーク構築、オンライン研修の実施と評価。,"['ケースマネジメント', '就労支援プログラム企画', 'デジタル記録システム活用', 'データ分析', '地域ネットワーク構築', 'オンライン研修実施']",地元の伝統茶道教室の参加、季節ごとの山歩きと自然観察、地域祭りの企画ボランティア、日曜読書会での文学鑑賞、デジタルフォトエディティング。,"['茶道', '山歩き', '祭り企画ボランティア', '文学鑑賞', 'デジタルフォトエディティング']",中小規模の支援施設でのリーダーシップを確立し、分野横断的なデジタル支援ツールの標準化に貢献したい。将来のライフイベントとして、子どもの結婚と自身の健康管理に備え、キャリアとプライベートの調和を図る。,女,49,既婚,中学卒,職業支援施設 中小,東北地方,東日本,福島県,日本,40代,４００～４５０万円未満,425.0,国民生活基礎調査(0003131978)P(所得|年代)×全国家計構造調査(0003426512)県別所得指数 で年代×地域条件付け,mid,ゆとり,低,NB・品質志向,低,しない,高,スーパー・ドラッグストア・EC・郊外量販(車),ネット・テレビ併用,河端國枝といいます。福島で職業支援の施設に関わって、もう二十年近くになります。四十九歳、夫と二人暮らしです。収入の水準は高くはないですけれど、生活にゆとりを感じているのは、夫の稼ぎと二人で工夫しながらやりくりしているからだと思います。買い物は車でスーパーや量販店を回って、ネット通販も使います。日用品の品質にはこだわりがあって、有名ブランドを選ぶことが多い。値段よりも素材や機能を先に見る習慣がついています。テレビとネットで情報を取っていて、デジタルでの写真編集も楽しんでいます。地元の茶道教室に長年通っていて、季節ごとのお点前とお菓子の取り合わせを考えるのが楽しみです。お点前で使う茶碗だけは少し奮発して選んでいて、使うたびにいい気持ちになれるものを置いています。山歩きと地域の祭りのボランティア活動も続けています。
53bd3940daa24ecda434945db264e831,荻堂 美稚江は71歳の元歯科医で、退職後も若手歯科医へのメンターとして地域医療の継続的発展に尽力している。彼らは診療報酬の請求や医療記録の管理に長けた経験を活かし、地域の口腔保健啓発イベントを企画・運営し、地方医療機関と連携した訪問歯科支援のフレームワークを構築している。構造を重視しながらも、変化への柔軟な対応を取り入れたリーダーシップが特徴である。,荻堂 美稚江は山々の散策を好きで、標高の modest な峰を巡りながら歩行と写真撮影を組み合わせた軽運動を日課としている。彼らはペースを一定に保ち、無理のない体力消耗を重視しつつ、季節ごとの自然観察に集中することで、協調性と自己管理のバランスを取っている。,荻堂 美稚江は茶道の作法と書道の筆遣いに情熱を注ぎ、季節の和菓子と合わせた茶会を定期的に開催している。彼らは儀式の厳格な手順と作品の創造的表現との間で、高い開放性と忠実性を同時に実現し、地域の人々に静寧と美的体感を提供している。,荻堂 美稚江は広域の山岳地帯を訪れ、四季の移ろいをレンズに収めることで旅行の目的を構築している。彼らは祭礼や盆踊りへの参加を通じた地域交流を旅行の核に据え、計画的な旅程と即興的な出会いを組み合わせた旅路を描く傾向がある。,荻堂 美稚江は季節の和菓子と茶葉の組み合わせにこだわり、抹茶・ほうじ茶に合わせて粒料の甘さと食感を調整したレシピを自宅で実践している。彼らは食材の選定に細部への注意を払う一方、味覚のバランスを探求する過程で、込み入った計画性と柔軟な改善を同時に行っている。,荻堂 美稚江は構造を好む71歳の元歯科医で、地域医療と文化活動を調和させながら、慎重な財務管理と自然・芸術への情熱で日々を過ごす。,広島県出身で戦後の復興期を経験し、地元の人情や広島の平和への意識を大切にする世代。神社での祭礼や盆踊りへの参加を通じて、地域の絆を育んできた。,歯科診療全般、患者への口腔衛生指導、診療チームの日常マネジメント、診療報酬請求や医療記録の管理、地方医療機関との連携調整に長ける。,"['歯科診療','口腔衛生指導','チームマネジメント','診療報酬請求','医療記録管理']",茶道の作法を磨きながら季節の和菓子を楽しむほか、書道で筆遣いを鍛える。広島の山々を散策し、写真と自然観察で四季の移ろいを記録。古典文学や歴史小説の読書で知的刺激を求め、時折友人と囲碁を囲んで頭脳の柔軟性を保つ。,"['茶道','書道','山歩き','写真撮影','古典文学読書','囲碁']",退職後は若手歯科医へのメンター役を継続し、広島地域の口腔保健啓発活動を自ら企画・実施すること。加えて、歯科医療に関する回想録を執筆し、後世に医療人としての姿勢を伝える。地域の高齢者への訪問歯科支援にも志す。,女,71,既婚,大学院卒 文系,歯科 中堅 (現在は引退),中国地方,西日本,広島県,日本,70代,２００～２５０万円未満,225.0,国民生活基礎調査(0003131978)P(所得|年代)×全国家計構造調査(0003426512)県別所得指数 で年代×地域条件付け,low,普通,高,PB-NB併用,中,よくする,低,スーパー・ドラッグストア・地域商店(車/家族送迎),テレビ・新聞中心(ネット利用は限定的),荻堂美稚江と申します。広島で元々は歯科の仕事に携わっておりまして、今は引退して七十一歳になります。夫と暮らしておりますが、年金と蓄えで生活しているので、家計はしっかり管理しております。スーパーと地域の商店を使って、有名品と店のブランドを内容で選びながら買い物をしています。ネットでの買い物は家族に頼むことが多くて、自分ではあまり使いません。テレビと新聞が情報の中心です。茶道は四十年以上続けておりまして、季節の和菓子を探して少し足を伸ばすのも楽しみのひとつです。書道と広島の山を歩くことも日課に近い生活です。こだわりで言えば、囲碁の対局で使う碁盤と碁石だけは昔から本物を使っています。年金生活の今もそれだけは手放さない。友人と向き合って頭を使う時間が、何より自分を保ってくれていると思っているので。
40b96378955d4fc29502ae5c90f27645,重富 展秀は、鉄鋼現場で培った安全管理とチーム統括のスキルを活かし、地方企業向けの技術講習とプロジェクト計画支援を提供し、彼らは組織的なアプローチと長期的な目標設定でビジネス価値を創出する。,重富 展秀は、祭りでの太鼓演奏と星空観測会への参加を通じてリズム感とチームスピリットを育み、彼らは体力と集中力を高めるハイキングと夜間ウォーキングで自然環境と調和したスポーツ活動を楽しむ。,重富 展秀は、太鼓と合唱での表現に加え、地域の祭りで伝統的なリズムを創作し、彼らは創造的なアイデアと多様な経験を尊重する姿勢で、歴史的テーマのミュージアム展示用アート作品の構想にも関わる。,重富 展秀は、温泉巡りと歴史散策を組み合わせた週末旅行と、流れ星観測会への参加で星空と自然の美しさを堪能し、彼らは地元の伝統的価値観と現代の観光情報を融合させた旅程計画で地域活性化に貢献する。,重富 展秀は、庭で育てた季節野菜と地元食材を使い、味噌煮込みや魚の塩焼きなどのレシピを研究し、彼らは料理を通じて地域の食文化と健康志向を結びつけ、ミュージアムのカフェメニュー開発でも活躍する。,重富 展秀は、技術と安全への情熱と創造的な地域貢献のバランスで、計画的かつ社交的に人生の多様な側面を統合する。,大分県の沿岸部で生まれ育ち、大学進学はせず高校卒業後に地元の製鉄所に就職した。鉄鋼業でのキャリアを通じて地域の祭りや方言に親しみ、引退後は都心部への通勤が減ったことを機に、より自然に近い山間部の小さな町へ移住し、地方の暮らしと伝統を大切にしている。,鉄鋼製造工程の全般的な知識、溶接・機械メンテナンス、作業安全管理、チームリーダーシップと現場の計画立案、現場での問題解決能力。,"['鉄鋼製造工程の知識', '溶接技術', '機械メンテナンス', '作業安全管理', 'チームリーダーシップ', '現場計画立案', '問題解決能力']",地元の祭りでの太鼓演奏や合唱、週末の庭園での野菜栽培、温泉巡りと歴史散策、近隣の流れ星観測会への参加、地元食材を使った料理研究。,"['太鼓演奏・合唱', '園芸・野菜栽培', '温泉巡り', '歴史散策', '星空観測', '料理研究']",退職後は地元の中小企業や学校で製鉄に関する講習を行い、若い世代に技術と安全意識を伝えるボランティア活動を拡充する。また、地域の歴史保存団体と協働し、鉄鋼業の遺産を展示する小規模ミュージアムの設立を目指す。,男,69,既婚 (子供あり),高校卒,鉄鋼業 中堅 (現在は引退),九州地方,西日本,大分県,日本,60代,１００～１５０万円未満,125.0,国民生活基礎調査(0003131978)P(所得|年代)×全国家計構造調査(0003426512)県別所得指数 で年代×地域条件付け,low,切り詰め,高,NB・品質志向,高,しない,低,スーパー・ドラッグストア・地域商店(車/家族送迎),テレビ・新聞中心(ネット利用は限定的),重富展秀といいます。大分でずっと鉄鋼の現場で働いて、定年を迎えて引退しました。六十九歳で、妻と子どもたちが近くにいます。年金だけの生活になって、毎月のやりくりはかなり意識するようになりました。スーパーと地域の商店で買い物して、安いほうを選ぶのが基本です。有名ブランドにこだわる余裕はないけれど、衛生や安全に関わるものだけは信頼できるものを選ぶようにしています。テレビと新聞で情報を得ていて、ネットはほとんど触りません。地元の祭りで太鼓を叩くのが長年の楽しみで、練習の時間は何より充実しています。演奏のための道具、とくにばちと太鼓の張り替えにだけは費用を惜しまない。年金生活でどこを削っても、それだけは削れないと決めています。温泉巡りと庭の野菜栽培、星を眺める会への参加も生活の楽しみです。
5acdcf8afedc4e0a82f943b0d0569644,牟田 朝大は、シニアスタッフの育成と健康経営の導入をビジネスの核に据え、予約システムと売上分析のスキルで地域宿泊プランの持続可能性を実現しようとする、計画的かつ信頼性の高いリーダーである。,牟田 朝大は、地域の合唱団で声を合わせる活動と、毎日のウォーキングでリズムを保ち、外向性と協調性を活かして仲間と体を動かすことを楽しむ、社交的な運動参加者である。,牟田 朝大は、料理教室で和食の技法を探求し、合唱団のハーモニーと地域の歴史散策を通じて表現と文化の継承に関わり、開放性が新たな創作へのインスピレーションを与えるアート愛好家である。,牟田 朝大は、関西の歴史的街並みを散策し、週末の小旅行で地域の伝統行事を体験し、計画的な予約管理と外向的な交流を組み合わせて、地域密着型の旅を楽しむ旅行者である。,牟田 朝大は、季節の野菜とだしの調和にこだわり、和食のレシピを仲間と共有し、細部への注意と協力性を活かして、家庭的かつ洗練された料理研究者として活動している。,牟田 朝大は、シニア向け宿泊と健康経営の融合を追求し、計画的かつ協調的に地域社会と持続可能な価値を創出する、開放的な実務者である。,関西の中小宿泊業で長年働き、先輩や上司への敬意を重んじつつ、健康志向で医療・介護を意識したライフプランを家族や同僚に共有している。,フロント業務全般、予約管理システムの操作、接客マナー、施設の安全衛生チェック、Excelによる売上分析、基本的なPCリテラシー、シニア向けサービス企画。,"['フロント業務','予約管理システム','接客マナー','安全衛生チェック','Excel売上分析','PCリテラシー','シニア向けサービス企画']",地元の歴史散策、週末のウォーキング、地域の合唱団参加、料理教室での和食研究、健康維持のためのヨガ。,"['歴史散策','ウォーキング','合唱団','和食料理教室','ヨガ']",シニアスタッフの育成と健康経営の導入を推進し、地域の高齢者向け宿泊プランをコンサルタントとして提供することで、業界の持続可能性に貢献する。,男,66,離別,高校卒,宿泊業 中小,近畿地方,西日本,大阪府,日本,60代,２００～２５０万円未満,225.0,国民生活基礎調査(0003131978)P(所得|年代)×全国家計構造調査(0003426512)県別所得指数 で年代×地域条件付け,low,普通,高,PB志向,中,たまに,中,スーパー・ドラッグストア・地域商店(駅前/徒歩),テレビ・新聞中心(ネット利用は限定的),牟田朝大といいます。大阪で宿泊業の仕事を続けていまして、六十六歳になりました。離別して一人暮らしですが、生活そのものは自分なりに整っています。収入は多くないので、普段の買い物はスーパーとドラッグストアと近所の商店を歩いて回って、プライベートブランドを中心に選んでいます。ネット通販もたまに使いますが、メインは実店舗です。テレビと新聞で情報を取っています。健康のためにウォーキングとヨガを続けていて、地域の合唱団にも入っています。料理教室で和食を学ぶのも楽しみのひとつで、だしの素材だけはきちんとしたものを使いたいと思っています。昆布と鰹節に関してはプライベートブランドを使わない。普段はどこまでも質より安さを選ぶくせに、だしの出どころだけは妥協しないのが、我ながらおかしいと思いつつも続けています。
0e2b038371384fa6b9229f8db1ce7b45,辻 創史は35歳の製造現場のデジタルトランスフォーメーション推進者で、IoTとPLCを駆使したライン最適化とサステナブルな生産体制構築を指標化し、地域産業の祭りと持続可能性を結びつけたプロダクトマネジメント戦略を競合と比較しながら柔軟に提案し、彼らは結果を定量的に検証する。,辻 創史は孤高の山岳ハイキングを競争的にタイム測定し、山菜採集のペースと心拍数をIoTウェアラブルで追跡し、彼らは柔軟性を重視しつつも計画の過剰は避け、ネガティブ感情を短時間でリセットするフィジカルリセットを設計する。,辻 創史はレトロゲームのコレクションとセルフプログラミングで、ディープラーニングレシピ生成とピクセルアートの融合を実験的に創作し、彼らは内向的な競争心で作品を小規模コミュニティに限定的に公開し、伝統的な祭りの音とデジタルノイズを同時に表現する。,辻 創史は季節ごとに近郡の祭りと山岳ハイキングコースを少人数で訪れ、地元の食材と歴史的建造物を組み合わせたレジームを自作の旅程アプリでスケジューリングし、彼らは柔軟な計画と不測のストレスを管理しつつ、競合的な情報収集を通じて最適ルートを導出する。,辻 創史は春のタラの山菜天麺、夏の山菜味噌厚焼き、秋のキノコと山笠酢の漬け、冬の根菜シチューを自作DLレシピで季節ごとに自動生成し、彼らは高い神経症傾向で栄養指標とコストをリアルタイムで比較して最適化する。,辻 創史はデジタル製造変革と山菜レシピAIを結びつけ、競争的な柔軟性とストレス感受性の高い自己管理を同時に実践し、彼らは結果を量的に検証する。,愛知県中部地方出身で、地元の祭りや食文化に親しみを持つ。家族中心の価値観が根底にあり、親戚との交流や地域の伝統行事を大切にしつつ、実務的な視点で地域産業の持続可能性にも関心を抱く。,食料品製造ラインのプロセス最適化と品質管理に加え、PLCプログラミングやIoTデバイスを活用した設備のデジタル連携に精通。ERPシステム運用やデータ分析ツールで生産効率を可視化し、現場の柔軟な改善提案を実行できる。,"['プロセス最適化','品質管理','PLCプログラミング','IoTデータ分析','ERPシステム運用']",静かな環境での一人ハイキングや、季節の山菜採集と調理。ディープラーニングを活用したレシピ自動生成の実験や、レトロゲームのコレクションとプログラミング的要素を組み合わせたモデリング作業が心のリフレッシュとなっている。,"['ハイキング','山菜採集・料理','AIレシピ自動生成実験','レトロゲームコレクション','模型作成']",製造現場のデジタルトランスフォーメーションを主導し、プロダクトマネージャーとして部門全体の生産性向上とサステナブルな製造体制の確立を目指す。将来的には自社のデジタル活用事例を国内外で発信し、業界標準化に寄与したい。,男,35,既婚 (子供あり),高専卒,食料品製造業 中堅,中部地方,東日本,愛知県,日本,30代,２００～２５０万円未満,225.0,国民生活基礎調査(0003131978)P(所得|年代)×全国家計構造調査(0003426512)県別所得指数 で年代×地域条件付け,low,普通,中,PB-NB併用,中,よくする,低,スーパー・ドラッグストア・EC併用(駅前),ネット・テレビ併用,辻創史です。愛知の食料品メーカーで働いて、もう十年になります。三十五歳で、妻と子どもと暮らしています。ものをつくる現場で働いているせいか、家でもつくることに引き付けられます。収入は多くはないですが、やりくりしながら家族三人でなんとかやっています。日用品の買い物はスーパーとドラッグストアを中心にして、プライベートブランドも有名品も価格と内容を見比べて選ぶ感じです。ネット通販は利用頻度は低めで、やはり実物を確認してから買いたい性格です。趣味は一人で山菜を採りに行くことで、採ってきたものを料理に変える工程が好きです。下処理の道具、特に専用の包丁と蒸し器だけには惜しまずお金をかけます。レトロゲームも好きで、プログラミングを絡めて改造することに面白さを感じています。週末のハイキングが、仕事の疲れをいちばんうまく落としてくれます。
da542765d3d9430c83674c3018a1c41f,戸狩 光二郎は、介護施設のIT統括者としてデジタルケアプラットフォームの構築をリードし、柔軟な計画立案と実用的な技術導入を両立させ、彼らは協調的に若手スタッフのデジタルリテラシー教育に貢献しつつ、細部の不安に敏感に対応している。,戸狩 光二郎は、週末の山岳ハイキングで高度な風景撮影と自然観察を楽しみ、彼らは少人数の同行者と静かな歩調で登山道を進みながら、体力と精神のバランスを保つことに柔軟性と不安感の両方を抱えている。,戸狩 光二郎は、デジタル一眼カメラで季節の祭りや茶道の作法を精緻に記録し、歴史小説から得た物語性を映像に込め、彼らは創造的な表現と伝統的な価値観を融合させつつ、細部への不安に敏感に向き合う。,戸狩 光二郎は、山岳部の秘境や地域の祭り参加を目的に計画的な小旅行を組み立て、彼らは少人数のグループで静穏な道程を選びながら、柔軟な日程調整と不安感への対処を両立させている。,戸狩 光二郎は、茶道の作法に則った抹茶と季節の地元野菜を用いた簡素な料理を自宅で調理し、彼らは味わいと健康への配慮を重視しつつ、調理工程での細部への不安感を意識的に管理している。,戸狩 光二郎は、デジタル介護と自然・伝統への情熱を融合させ、柔軟な計画と協調的な姿勢で不安感に敏感に対処しながら多面的に活動している。,山口県の地方都市で育ち、家族や職場に対して誠実さを重視する価値観が根付いている。地域の祭りや伝統行事に参加し、年長者への敬意と協働の精神を大切にしている。,介護福祉の実務に加え、電子カルテや介護IoTデバイスの導入・運用、データ分析によるケアプラン最適化、Pythonを用いた業務自動化スクリプト作成など、デジタル技術を活用した介護支援に精通している。,"['介護福祉士','電子カルテ管理','IoT介護デバイス運用','ケアデータ分析','Python業務自動化']",歴史小説の読書、山岳ハイキング、デジタル一眼カメラによる風景撮影、茶道の作法学習、オンラインでのプログラミング学習コミュニティへの参加など、自然と文化・技術を結びつける活動を好む。,"['歴史小説読書','山岳ハイキング','デジタル風景撮影','茶道作法','プログラミング学習コミュニティ']",中堅介護スタッフとしての経験を活かし、施設内のIT統括者としてデジタルケアプラットフォームの構築をリードしたい。将来的には地域全体の介護デジタル化を推進し、若手スタッフのデジタルリテラシー教育にも貢献することを目指す。,男,46,離別,高専卒,介護福祉業 中堅,中国地方,西日本,山口県,日本,40代,４５０～５００万円未満,475.0,国民生活基礎調査(0003131978)P(所得|年代)×全国家計構造調査(0003426512)県別所得指数 で年代×地域条件付け,mid,ゆとり,高,PB-NB併用,中,よくする,高,スーパー・ドラッグストア・EC・郊外量販(車),ネット・テレビ併用,戸狩光二郎と申します。山口で介護の仕事をして、四十六歳になります。離別して今は一人暮らしです。収入は安定していて、生活にはある程度のゆとりを感じています。ただ、買い物には気をつける性格で、スーパーとドラッグストアとネット通販を組み合わせて、価格を見ながら選んでいます。車があるので郊外の量販店にも行けて、選択肢が広いのは助かります。テレビとネットの両方を使っていて、介護の最新情報をオンラインで調べるのも仕事の習慣になっています。山岳ハイキングと風景写真が好きで、カメラの機材については少し度を越したと感じるくらい投資してしまっています。デジタル一眼の本体よりもレンズのほうにお金をかける傾向があって、山で光の条件が整ったときの一枚のためにコツコツ準備しています。茶道の作法もプログラミング学習も、ひとつのことを深く追う楽しさを共通して感じています。
1fb3d9d9f7294ba58ccf36be8259227a,齋藤 有可は、在庫最適化とデジタルPOS活用を軸にした顧客体験設計を得意とし、オープンマインドで新規リテールコンセプトを提案しながら、組織的なプロジェクト管理と高い成果基準へのコミットで、ストレスが増すと不安が顕在化する点をセルフモニタリングで補完している。,齋藤 有可は、週2回のパワーヨガと月1回のポップアップフィットネスイベント参加で、規律正しいトレーニングルーティンを構築し、開放性が高い新しいエクササイズ体験を楽しむと同時に、神経症傾向からの不安に対してウェアラブルの心拍モニターでストレス指標をリアルタイム可視化している。,齋藤 有可は、インディーズライブでのライブフォトとポップアップアートイベントでの即興スケッチを通じて、創造的なオープンマインドと協調性を兼ね備えたアーティスティック表現を追求し、外向的なSNSシェアリングで観客とのダイナミックなフィードバックループを形成している。,齋藤 有可は、週末にインスタ映えスポットと地元ポップアップショップを巡り、流動的な体験型旅行プランを自らデジタルマップに落とし込み、外向的に友人とリアルタイムで行先情報を交換しながら、感情起伏の変化に寄り添うアクティブジャーナリングを旅の途中で実践している。,齋藤 有可は、和洋フュージョンの自家製味噌ラーメンとトリュフ塩バター炙りトーストという対照的なレシピ開発を通じて、味覚の開放性と実験精神を具現化し、調理過程をSNSライブ配信で協調性のあるフォロワーと共有し、ストレスが増えると次第にリズム感が欠ける点を音楽性で補完している。,齋藤 有可は、体験型リテール戦略とヨガ・フュージョン料理への情熱を融合させ、外向的協調性と開放的創造性で成果を追求し、神経症的不安にセルフモニタリングで応える。,東京で育ち、関東圏の体験型消費トレンドに触れながら、ポップアップイベントやインスタ映えスポットを自然に楽しむ感性が根付いている。,小売業務全般のマネジメント、在庫最適化、顧客体験設計、デジタルPOS・CRMの活用、Excelによる基本的なデータ分析と可視化を実務で行う。,"[""在庫管理"",""顧客体験デザイン"",""データ可視化"",""POSシステム操作"",""Excel""]",写真撮影で日常の瞬間を切り取り、インディーズ音楽ライブに足を運び、ポップアップアートイベントに参加しながらヨガで心身を整え、和洋フュージョン料理のレシピ開発を楽しむ。,"[""写真撮影"",""インディーズ音楽鑑賞"",""ポップアップアートイベント参加"",""ヨガ"",""和洋フュージョン料理""]",体験型リテールの戦略策定に関わり、数年後には店舗戦略マネージャーとして新規コンセプトを主導し、最終的にはブランド全体の体験価値を牽引したい。,女,29,未婚,大学卒 理系,小売業 大手,関東地方,東日本,東京都,日本,20代以下,３５０～４００万円未満,375.0,国民生活基礎調査(0003131978)P(所得|年代)×全国家計構造調査(0003426512)県別所得指数 で年代×地域条件付け,mid,普通,高,PB-NB併用,高,よくする,高,EC・コンビニ・ドラッグストア中心,SNS・動画中心(ネット>テレビ),齋藤有可、東京で大手小売の仕事をしています。二十九歳、一人暮らしです。給与はそこまで高くはなくて、東京の家賃を払いながらだと普通の生活ができるくらいです。買い物はネット通販とコンビニとドラッグストアが中心で、スマートフォンで価格を調べながら選ぶのが習慣になっています。プライベートブランドと有名品を内容で使い分けていて、価格感度はわりと高いほうだと思います。SNSと動画で情報を集めて、流行より自分の興味で動くタイプです。ヨガを週に何度か続けていて、体の感覚を保つことに意識があります。料理が好きで、和洋を組み合わせたレシピを考えるのが休日の楽しみです。スパイスと発酵調味料だけは輸入専門店で調達していて、ここにだけは普段の節約ルールを一時停止しています。写真撮影とインディーズ音楽のライブ、アートのイベントも生活の中に組み込んでいます。
055cac493c834a18bcfa4f0d59fe0a90,大森 照生はガス設備の保守点検と予算管理を統括するベテランリーダーで、プロジェクトの安全基準を柔軟に改善しながらも、若手指導体制の構築を競争的に推進する実務志向のビジネスパーソンである。彼らは計画の堅実さと柔軟性を同居させ、業者交渉の場面で新しい技術導入の好奇心が高いが、予算リスクに対する不安がストレス源となっている。,大森 照生は庭の季節野菜栽培を体力維持とリフレッシュの手段とし、地域の安全ウォーキングイベントで競争的にリーダーシップを発揮するアクティブなスポーツ愛好者である。彼らは柔軟な運動計画を好むが、成果が思わしくないと不安感が増し、競争心がモチベーションに直結する。,大森 照生は古典文学と歴史ドキュメンタリーの鑑賞を通じて文化的洞察を深め、伝統料理の研究で創造的な表現を追求する芸術的知覚を持つ人物である。彼らは新しいレシピや文脈に好奇心旺盛だが、作品が評価されないと批判的に自己評価し、感情の揺れが創作活動に影響を与える。,大森 照生は地域祭りや季節行事への参加を通じて近隣の旅行体験を重視し、伝統的な安全講習と組み合わせた実践的な旅行プランを策定する。彼らは新しい訪問先の安全基準に関心が高く、計画外の変化に対して不安が増すが、地域の結束感を享受しながら柔軟に旅程を調整する。,大森 照生は地元の伝統料理研究と季節野菜活用の実験的料理を通じ、家庭料理の革新と安全性を兼ね備えた食文化の提唱者である。彼らは新しい調味素材に好奇心があり、料理コンテスト的な競争心が強く、味の評価が期待に届かないとストレスが増幅し、細部への過度な注意が現れる。,大森 照生は安全と競争を重視しつつ、柔軟な実務と感情の揺れに対処する62歳の指導的技術者である。,愛知県中部地方の工業都市で育ち、地元の祭りや季節の行事を家族と共に参加し、地域の結束や先輩への敬意を重んじる。年配者の知恵や現場の慣習を尊重しつつ、実務的な視点で新しい技術や安全対策を検討する姿勢がある。,ガス設備の保守点検・トラブル対応、ガス安全規制の遵守と社内教育、緊急時の指揮・消防訓練、プロジェクト予算管理と業者交渉、チームリーダーシップと後進指導。,"['設備保守','安全規制遵守','緊急指揮','予算管理','交渉','リーダーシップ']",自宅の庭で季節の野菜を育てるDIYガーデニング、古典文学の読書と歴史ドキュメンタリー鑑賞、地元の伝統料理を研究し家族に振る舞う、地域ボランティアで安全教育の啓発活動に参加する。,"['ガーデニング','古典文学','歴史ドキュメンタリー','料理研究','地域安全ボランティア']",退職前に若手技術者への指導体制を確立し、社内安全マニュアルの改訂を主導する。将来的には顧問として安全基準の改善提案を行い、持続可能なガス利用の知見を業界に広めることを目指す。,男,62,既婚 (子供あり),大学卒 文系,ガス業 大手,中部地方,東日本,愛知県,日本,60代,３００～３５０万円未満,325.0,国民生活基礎調査(0003131978)P(所得|年代)×全国家計構造調査(0003426512)県別所得指数 で年代×地域条件付け,low,切り詰め,中,PB-NB併用,低,たまに,高,スーパー・ドラッグストア・EC併用(駅前),テレビ・新聞中心(ネット利用は限定的),大森照生といいます。愛知でガスの会社に勤めて三十年余り、六十二歳になりました。妻と子どもたちと暮らしています。収入はそれほど高くはなくて、家のことや子どもの将来のことを考えると、毎月の使い方はかなり気をつけています。食料品は駅前のスーパーやドラッグストアで買って、プライベートブランドと有名品を価格で使い分けています。ネット通販も活用していて、重たいものや特定の商品は利用が多いです。テレビと新聞が情報の中心ですが、ネットも日常的に見ています。庭で季節の野菜を育てるのが好きで、土づくりから丁寧にやっています。土壌改良の資材と種だけは、ホームセンターの安いものでなく、専門店のものを選ぶようにしています。他の趣味はかなり出費を抑えているのに、畑まわりだけは別の基準で動いている自分がいます。地域のボランティアで安全啓発の活動にも参加しています。
